time_sec,Amusement,Anger,Disgust,Fear,Inspiration,Joy,Sadness,Tenderness,prob_Amusement,prob_Anger,prob_Disgust,prob_Fear,prob_Inspiration,prob_Joy,prob_Sadness,prob_Tenderness
0.0390625,False,True,False,False,False,False,False,False,0.013825860092178469,0.5407963572303317,0.026851453493084224,0.19878765721131458,0.1989436780459887,0.001871147019595089,0.00508660116247521,0.013837245745032072
0.078125,False,False,False,False,True,False,False,False,0.04816713766121526,0.0008788974057998677,0.0934271606833737,0.09340677258217468,0.25398883440943215,0.25377444151570544,0.0023891891979892074,0.2539675665443097
0.1171875,True,False,False,False,False,False,False,False,0.6737738281241179,0.0003155508383736645,0.03352069875192091,0.03353171822929329,0.24785729182738683,0.0023313195275496404,0.002331440077234974,0.006338152624122669
0.15625,True,False,False,False,False,False,False,False,0.40923864112570424,0.0038592125221767475,0.010499151923556636,0.15063849452930583,0.0014189747506869752,0.010496153313043297,0.0038584921256848616,0.40999087970984144
0.1953125,False,False,False,False,False,False,False,True,0.09355584943066653,0.017974708430820135,0.09423707084074381,0.048708738396509695,0.034679681024240724,0.006566534314134579,0.006566977046128866,0.6977104405167556
0.234375,False,False,False,False,True,False,False,False,0.03175792235358077,0.0022084104110534505,0.0008122686737676196,0.006004228171117619,0.6381096579443873,0.2347424024079833,0.08606629249433226,0.000298817543777555
0.2734375,True,False,False,False,False,False,False,False,0.6480003114086419,0.00030362334080442287,0.016607579905828885,0.00610813704494205,0.08759778725625401,0.002243865080828688,0.000825375492513193,0.23831332047018705
0.3125,True,False,False,False,False,False,False,False,0.836210462108412,0.0028979893432953254,0.04157730365634504,0.01528524427725884,0.058570703900261194,0.0010644993400689136,0.0028945584515853557,0.041499238922773365
0.3515625,True,False,False,False,False,False,False,False,0.8021288322915855,0.03952717186242838,0.10836183887274807,0.0003756618575476068,0.02051167833217354,0.0010210072598297905,0.0075526334365821676,0.020521176087104943
0.390625,True,False,False,False,False,False,False,False,0.40111773770119696,0.0005108160005172187,0.010264544071109142,0.4010799998626013,0.0013892077500529108,0.14745325827162867,0.010263487379305587,0.02792094896358824
0.4296875,False,False,False,False,True,False,False,False,0.006444054869851577,0.2511033901654535,0.0008700451645754942,0.03394809416525714,0.6833459143994486,0.01748133436837457,0.006487158081396199,0.00032000878564292793
0.46875,False,False,False,False,True,False,False,False,0.25136824050687984,0.00643396067005862,0.004598657487447312,0.002365156879819918,0.6834296494961623,0.017476218593242714,0.03400806686309452,0.0003200495032948753
0.5078125,True,False,False,False,False,False,False,False,0.830267404741227,0.001057200948864547,0.021303026875001872,0.00781540471634183,0.021573026573111106,0.11223340493116422,0.0028756422691168493,0.002874888945172588
0.546875,False,False,True,False,False,False,False,False,0.2407464980654973,0.0008336625437454091,0.6544719694903796,0.006156790750065869,0.0008331342883456679,0.08853705423632259,0.0022648202340584643,0.006156070391585012
0.5859375,True,False,False,False,False,False,False,False,0.6380775033389677,0.0008123501376942856,0.23468514059598988,0.0060037603360304816,0.002208581478830778,0.08635158618122325,0.0002988309210738624,0.031562247010189705
0.625,True,False,False,False,False,False,False,False,0.39953741062366877,0.0037592313238271474,0.001382624607094461,0.3994779899572091,0.019834207131016565,0.14685026449332148,0.0013827253512397253,0.027775546512622543
0.6640625,False,False,False,True,False,False,False,False,0.027772237665128863,0.0005061758295433217,0.14618363261378386,0.39737356526620954,0.010175909446352426,0.019232395050387673,0.39738002429715075,0.0013760598314436164
0.703125,False,False,False,True,False,False,False,False,0.0064298113585084665,0.006509481382693342,0.2512446532425569,0.6830173931501943,0.002364688249537897,0.002364525767038309,0.047749484317584495,0.0003199625318863485
0.7421875,True,False,False,False,False,False,False,False,0.6479666036464402,0.0008250277560931725,0.23838142285200442,0.0060993375223684435,0.016575962355600514,0.002243156670725439,0.08760499994213579,0.0003034892546319446
0.78125,False,False,True,False,False,False,False,False,0.0863910564480281,0.0008135960962285006,0.6386024499625665,0.031779418956098045,0.006008577538876749,0.0008130020158459721,0.23477875223445574,0.0008131467479003946
0.8203125,False,True,False,False,False,False,False,False,0.0037776329037985264,0.40123473499638057,0.007343378078297307,0.1475858902232396,0.02796921275079216,0.0005110706344544141,0.4013089644217841,0.010269115991253235
0.859375,True,False,False,False,False,False,False,False,0.6170804785429861,0.08306338857372941,0.08343910972751362,0.0007864521562420622,0.0429707487651276,0.005813506852059839,0.08348390591260223,0.08336240946973919
0.8984375,True,False,False,False,False,False,False,False,0.8812456195236613,0.0030544729169113163,0.043868469413682026,0.008294967836992023,0.00829423011975097,0.008332988172378807,0.043857125590880765,0.003052126425742786
0.9375,False,True,False,False,False,False,False,False,0.07016337018944886,0.518352860335057,0.1906999840268332,0.0017943772529870384,0.013262794406088827,0.013260099542287594,0.19067149445963985,0.0017950197876578145
0.9765625,True,False,False,False,False,False,False,False,0.8119684049517581,0.03976892954829809,0.040393490823073246,0.0003802608013538911,0.05839807117761231,0.0010336370867649908,0.04041367821144536,0.007643527399693882
1.015625,False,False,False,False,False,False,False,True,0.10024185316461341,0.006973019542048684,0.000943389830535029,0.00034699303355157176,0.10024880184602859,0.013547662502248526,0.036836400523759555,0.7408618795572146
1.0546875,True,False,False,False,False,False,False,False,0.5923008657349608,0.01517956451114082,0.217908031312552,0.005571454185029012,0.0007540311856523697,0.04117256882379729,0.11196369308798536,0.015149791158882372
1.09375,False,False,False,False,True,False,False,False,0.02179931764397248,0.0593723066858537,0.0015209775386917815,0.004133875967133987,0.4392970698708187,0.030597107606962146,0.4391399536081832,0.004139391078384102
1.1328125,True,False,False,False,False,False,False,False,0.38721079718574336,0.0013403698970052042,0.009904749348440276,0.1424422842391617,0.3870131827688562,0.052322990952514234,0.0004929571222188557,0.019272668486060098
1.171875,False,False,True,False,False,False,False,False,0.003815480662250534,0.003810836817696716,0.4050630434833176,0.028157715635057846,0.14898970157778182,0.0038146717696022217,0.0014017594020781618,0.4049467906522151
1.2109375,True,False,False,False,False,False,False,False,0.635743253632963,0.0008097729012764218,0.23272462387298623,0.00081005010337234,0.000809520166251494,0.08592699435470581,0.011594258546117682,0.031581526422327144
1.25,True,False,False,False,False,False,False,False,0.3418147697491606,0.02379944806903951,0.008745746647293476,0.008744585299373985,0.02378703257983218,0.12573785899384812,0.1255782336715025,0.34179232498994955
1.2890625,False,False,False,False,False,False,False,True,0.08642109037681328,0.002214139188156169,0.002213475080039974,0.00029954386428274904,0.2352646513649692,0.03180051002602694,0.002213824216447068,0.6395727658832645
1.328125,False,False,False,False,False,False,False,True,0.22477707053887344,0.015657635646745157,0.015644926221275304,0.08259908437265767,0.005752194577391674,0.04257208722016393,0.0021155889966687196,0.6108814124262242
1.3671875,False,False,True,False,False,False,False,False,0.24485864333113044,0.00031184705565687415,0.6658415853660724,0.006264304466781967,0.046472621078359734,0.002304858658856054,0.03309798694224635,0.0008481531008959438
1.40625,False,False,True,False,False,False,False,False,0.24959252358593292,0.0003177539993501081,0.6784921315067047,0.047172070146298845,0.0023484046747146983,0.002347713891295959,0.002348283942847584,0.017381118252854984
1.4453125,True,False,False,False,False,False,False,False,0.8389067418564279,0.007982605434094207,0.04174544100068302,0.007914630372519367,0.05843739941276592,0.0029034130304356758,0.0003929834882000039,0.04171678540487395
1.484375,True,False,False,False,False,False,False,False,0.7719773182374304,0.007272249994234458,0.002671677652694699,0.0009831349881830025,0.10443545020209477,0.007270378324196321,0.002673346239506003,0.10271644436166026
1.5234375,True,False,False,False,False,False,False,False,0.6831409302839987,0.0003200905571045331,0.0023654860110699405,0.006463819121734604,0.25133114319847294,0.047578966131759534,0.0023661661835205454,0.006433398512339307
1.5625,True,False,False,False,False,False,False,False,0.41495720808143505,0.05608386001567933,0.0005282653546960103,0.02934229884991214,0.41497022687878665,0.001435966776233555,0.0787773953251805,0.0039047787180766123
1.6015625,True,False,False,False,False,False,False,False,0.687445377758021,0.017584337731914534,0.002379286372909412,0.0023798592216140555,0.25287933153062964,0.000875127695508893,0.002379153480529639,0.03407752620887304
1.640625,True,False,False,False,False,False,False,False,0.8278392729493458,0.001054352260241582,0.11190238224225536,0.021372684399210144,0.02119542564573756,0.007789169936209418,0.0010542719970528848,0.007792440569947211
1.6796875,False,False,False,True,False,False,False,False,0.03355464287905221,0.002338435573327835,0.2480455157629233,0.6744291241049093,0.0008587253705929024,0.033548598142567984,0.0008588170730037613,0.006366141093622547
1.71875,True,False,False,False,False,False,False,False,0.28226993367382186,0.01968501913772888,0.10385237164185451,0.28241517589296694,0.019654100286197674,0.2822406616419702,0.007225434181724706,0.0026573035437352137
1.7578125,True,False,False,False,False,False,False,False,0.36079438839238354,0.0012486373088742811,0.36081913064106347,0.13267658439648317,0.13273024660813829,0.009233991885959789,0.00124851980424827,0.0012485009628493183
1.796875,False,False,True,False,False,False,False,False,0.002277319746115595,0.006166863119068836,0.6553641691481953,0.2396726089305307,0.08868483668544816,0.0008342840953442773,0.006165607831486797,0.0008343104438103153
1.8359375,False,False,True,False,False,False,False,False,0.042727410237411736,0.001096657659790747,0.31639119521669984,0.3163490546470041,0.001095108162769539,0.3163856875915469,0.00297751918536629,0.0029773672994109403
1.875,False,False,False,True,False,False,False,False,0.002272136891393618,0.0022740721196625765,0.08869877136660968,0.6561086798938972,0.006176933011747908,0.24135791267953646,0.002275860460177788,0.0008356335769746444
1.9140625,False,False,False,True,False,False,False,False,0.01762867085487032,0.24964949496502387,0.006407858330452657,0.6789648310041391,0.0003182350322550266,0.012365720941596403,0.0008651062024677324,0.03380008266919497
1.953125,False,False,False,False,False,True,False,False,0.021259412561242398,0.1123464257419932,0.0010578349084040641,0.002875118181563424,0.0028762322597847305,0.8304606649857692,0.021262590415819235,0.00786172094542378
1.9921875,False,False,False,False,True,False,False,False,0.0005163664133634565,0.05163878275568066,0.0014035507189088998,0.0038171849299195666,0.4054985043296992,0.40554300903634205,0.054773403912494446,0.07680919790359172
2.03125,True,False,False,False,False,False,False,False,0.3907923955919817,0.14356758031931713,0.05287555715204255,0.010005762927239778,0.0013532800462750145,0.0004977678728221985,0.39079937219092825,0.010108283899393394
2.0703125,False,False,True,False,False,False,False,False,0.0018630882903337477,0.07276924176102118,0.5383376373263724,0.013767326061730334,0.10175656939883844,0.0006852642257123918,0.0727941082965472,0.19802676463944432
2.109375,True,False,False,False,False,False,False,False,0.39076097115617664,0.00999292459055462,0.0004974695051115989,0.001352183827782958,0.39079084132401876,0.1437492921730295,0.05286430644357149,0.009992010979754398
2.1484375,False,False,False,False,False,False,False,True,0.020192877279052102,0.10682353131464871,0.039283637910730626,0.00273255956368601,0.0010052160292847003,0.0010051778682937356,0.03929260088314098,0.7896643991511632
2.1875,False,False,False,False,False,True,False,False,0.013065789487361796,0.18797032909326075,0.025424828281423697,0.18798225788849907,0.004806486077786467,0.5110198308875968,0.0006504196472264088,0.06908005863684488
2.2265625,True,False,False,False,False,False,False,False,0.6485102507307525,0.006101485880174357,0.23857096825947038,0.0008253527487653068,0.01657912550679804,0.0008253476302398751,0.08776211231427782,0.0008253569295217468
2.265625,False,False,False,False,True,False,False,False,0.05553421918695882,0.010494913833608434,0.055551460970485855,0.000522418394463175,0.4104752962380053,0.41045320050349743,0.05554832417570258,0.0014201666972784852
2.3046875,True,False,False,False,False,False,False,False,0.36029459264202823,0.00045855862635281957,0.1325500206818778,0.0033882769301960317,0.36030308101311675,0.13254607992568726,0.009212905946460728,0.0012464842342804231
2.34375,False,False,False,False,False,False,True,False,0.10130928093183363,0.0009527321544339656,0.03726698211947703,0.002589727355664156,0.007041783516617324,0.10130558851420578,0.7485811991451938,0.0009527062625742974
2.3828125,True,False,False,False,False,False,False,False,0.7270576120234771,0.0009253494630858355,0.0025153076204241487,0.09839363213032998,0.09839615525086641,0.036195911894930384,0.03617562543715998,0.0003404061797261645
2.421875,False,False,False,False,False,False,False,True,0.0054073421370779825,0.039957807775156604,0.010529912972653826,0.001989173576566571,0.21151841593050352,0.07780849679639028,0.07780777822131131,0.5749810725903399
2.4609375,False,False,True,False,False,False,False,False,0.1332183295070622,0.0012527532583191056,0.3621260590677399,0.0012527477503659382,0.3621258255069515,0.13321360244778546,0.003405351663546236,0.003405330798229623
2.5,False,False,True,False,False,False,False,False,0.13254695423539287,0.00045853759816455496,0.3603013607645908,0.003388156935320129,0.36030145642120626,0.13254711442248882,0.009209988150066609,0.001246431472769966
2.5390625,False,False,True,False,False,False,False,False,0.0531744022426353,0.003694860236764494,0.3929118492069846,0.0013592569636151429,0.39291267202359625,0.1445441025273689,0.010043606366231514,0.0013592504328037134
2.578125,True,False,False,False,False,False,False,False,0.36212517420266627,0.003405352542503237,0.0034058346294882115,0.0012527456628169474,0.3621250561374118,0.1332165134572272,0.13321657907685786,0.0012527442910285434
2.6171875,True,False,False,False,False,False,False,False,0.6674738426418443,0.0003125112549094254,0.2455405209707679,0.002309236598008778,0.03323027983571686,0.017064178824162685,0.03321992839591672,0.0008495014786732607
2.65625,False,False,False,False,True,False,False,False,0.0025872902872900354,0.000350140037212225,0.10120546574873901,0.002587186393583045,0.7478051245510613,0.10119997128146847,0.007036311672560963,0.03722851002808495
2.6953125,False,False,False,False,True,False,False,False,0.004962754164306687,0.03668901155598776,0.19413611762865643,0.0006716209325933134,0.5277104922291331,0.1941299017546195,0.004962678338853386,0.03673742339584976
2.734375,False,False,False,False,True,False,False,False,0.002032094379235453,0.07948863426329564,0.01501640035857311,0.005524282220048126,0.5873852754071299,0.07949251224207286,0.01501539524167298,0.21604540588797186
2.7734375,True,False,False,False,False,False,False,False,0.36078942703000233,0.0012481587113678052,0.13272605497097292,0.00124814193891718,0.3607887153407209,0.1327275578345005,0.00922379800841167,0.001248146165106756
2.8125,True,False,False,False,False,False,False,False,0.510043004667091,0.004796488295506654,0.18762988193336155,0.0006491200026674158,0.03544441478038472,0.1876334171741924,0.06900725819092778,0.004796414955868409
2.8515625,False,True,False,False,False,False,False,False,0.16817109025346544,0.4571801501102504,0.16819179928806047,0.0015818452801030494,0.031797257098761265,0.004300591024417414,0.0005819406818088239,0.16819532626313324
2.890625,False,False,False,False,True,False,False,False,0.019414500832203543,0.0003555764803881067,0.007143977006950108,0.0009665810002040517,0.7594674807755122,0.10277002661192558,0.10273813470326357,0.007143722589552828
2.9296875,False,False,True,False,False,False,False,False,0.04462346376094842,0.006039627284582063,0.2362263793970676,0.23621169282924206,0.2362253391131916,0.0022216095247190185,0.0022215844972699665,0.2362303035929793
2.96875,False,False,True,False,False,False,False,False,0.23914543734521268,0.002248896717154773,0.6500647717469717,0.0003043480529234538,0.08797538976270787,0.006113085720741124,0.011899194351004573,0.0022488763032837726
3.0078125,False,False,True,False,False,False,False,False,0.2346762380699875,0.0008118448772061302,0.6379170036567281,0.00029865896383388525,0.08633033891640736,0.03175940314730646,0.005999693514136766,0.0022068188543938497
3.046875,False,False,True,False,False,False,False,False,0.23467597442066465,0.0008118439336512127,0.6379167624320938,0.0002986589957389389,0.08633151124683598,0.03175963119302237,0.005998798695895013,0.0022068190820980268
3.0859375,False,False,True,False,False,False,False,False,0.2478565174418357,0.0023307800169934637,0.6737452289801436,0.0003154341271892159,0.033541979173980795,0.006336137875660152,0.033543152312866656,0.0023307700713304153
3.125,True,False,False,False,False,False,False,False,0.43131569629931543,0.0040561492076401215,0.4313158768489664,0.001492121537672553,0.058370374569898145,0.058368169079436566,0.011025609634827804,0.004056002822243018
3.1640625,False,False,False,False,True,False,False,False,0.04640457973812779,0.06478975121509109,0.12615878538501527,0.0032250164441347765,0.3429308103749544,0.008766825243773927,0.06480756726703911,0.34291666433186374
3.203125,False,False,False,False,False,False,False,True,0.2455413599342026,0.017064462189297788,0.033227517494967225,0.00031250075921448133,0.002309320153538548,0.033229958078701015,0.0008495656876440984,0.6674653157024342
3.2421875,True,False,False,False,False,False,False,False,0.443833245655938,0.0015354482666562516,0.16327799561994802,0.0005648524406773909,0.060065765559026,0.0041737455964496965,0.16327277936560033,0.16327616749570426
3.28125,False,False,False,False,True,False,False,False,0.037116649185325146,0.0003491442891037357,0.10091508891626177,0.007014907950766854,0.7457319571140681,0.0009490675741895255,0.10091033989624788,0.0070128450740367925
3.3203125,True,False,False,False,False,False,False,False,0.35718412015311296,0.13139973741900698,0.017782326742679325,0.0033588952968835696,0.1314001513891797,0.0012356771715431214,0.35718451783634264,0.0004545739912515848
3.359375,False,False,True,False,False,False,False,False,0.1481596809477182,0.01029549191528072,0.4027363349087121,0.0005125515053575753,0.0279848602381705,0.0037872795006525135,0.40273654243475293,0.0037872585493554517
3.3984375,False,False,False,False,True,False,False,False,0.05742591614017253,0.010846830843257391,0.0574258851536049,0.0005400136701438643,0.4243225569830083,0.021124994917111433,0.42432350238860234,0.003990299904099394
3.4375,True,False,False,False,False,False,False,False,0.4909871995323802,0.0016985270213767773,0.1806240251637174,0.0006248498182213306,0.06644673013320618,0.012550541211339068,0.18062351392988818,0.06644461318987076
3.4765625,True,False,False,False,False,False,False,False,0.5012330330487321,0.001733969657813603,0.18439309214993604,0.0006378892616428689,0.18438582973120848,0.03482805419717361,0.0678336660394068,0.024954465914086316
3.515625,False,False,True,False,False,False,False,False,0.23699093424405426,0.0008198485962137805,0.6442085042449341,0.00030160441412419004,0.08718279270204372,0.016469226009938834,0.011798496025710032,0.0022285937629809346
3.5546875,False,False,True,False,False,False,False,False,0.2346762016947892,0.0008118433436678768,0.6379163206257884,0.00029865905469153727,0.08633194331252439,0.03175934393167093,0.005998868444940714,0.0022068195919269316
3.59375,False,False,True,False,False,False,False,False,0.23914353039395658,0.002248849288945124,0.6500596002422401,0.0003043458439542211,0.08797551342784081,0.01190606010075112,0.006113268904696486,0.0022488317976156373
3.6328125,False,False,False,False,True,False,False,False,0.05101621202760132,0.0013041527050312366,0.13868268306109147,0.0004797661047519932,0.37697961421448106,0.3769777245181749,0.051014843678355855,0.003545003690512187
3.671875,False,False,False,False,True,False,False,False,0.007034281971274804,0.0025870637795900224,0.03723061697379076,0.0003501117654247467,0.7478056159578083,0.1012030367290399,0.10120224482698213,0.002587027996089392
3.7109375,False,False,False,False,True,False,False,False,0.0036950103486552677,0.001359297405185075,0.05317536797796802,0.001359279547758427,0.39291563291895076,0.14454571262112148,0.39290559460884966,0.010044104571511338
3.75,False,False,True,False,False,False,False,False,0.004098671113537483,0.004098736618518186,0.4358399172391293,0.0005546798306615596,0.05898239266104465,0.43583950636859725,0.030298723971798714,0.03028737219671286
3.7890625,False,False,False,False,False,False,True,False,0.0003154644487496082,0.0063479357510222685,0.24787075626262128,0.0023310763858858034,0.0023312317185655244,0.03351372501839843,0.6737743537122268,0.03351545670253032
3.828125,True,False,False,False,False,False,False,False,0.2823391032683689,0.007218095682782159,0.019620247873785045,0.0026554328257500943,0.28233301415777823,0.01962151528779706,0.2823472942193229,0.10386529668441558
3.8671875,False,False,False,False,False,False,True,False,0.00772180592373256,0.0010448379763098464,0.040869893512192085,0.002840184064439367,0.007720413029966426,0.007722113662534548,0.8209760750569343,0.11110467677389085
3.90625,False,False,False,True,False,False,False,False,0.013521092422008508,0.004972625345665587,0.026314574527105863,0.5287502393305009,0.1945122765770332,0.036743195682769625,0.0006729422528720571,0.19451305386204432
3.9453125,False,False,False,False,False,False,True,False,0.03684348883204084,0.00034648777180155906,0.10015778870613913,0.01892095355293695,0.10015716533740673,0.002560218176360825,0.7400720401262718,0.0009418574970420806
3.984375,True,False,False,False,False,False,False,False,0.39076841779175736,0.0004973100348635952,0.05288133545911135,0.0013518286178796572,0.14375538794059892,0.009988781761919415,0.3907680418844199,0.0099888965094498
4.0234375,False,False,False,False,True,False,False,False,0.07322968067523769,0.037599076543585276,0.07322949756695522,0.0006886281386478191,0.5410937494627117,0.0018718842622365759,0.19905778435698754,0.07322969899363818
4.0625,False,False,False,False,False,True,False,False,0.025620087939527286,0.004839744887411035,0.004839591588417059,0.001780377717026544,0.18932067842861003,0.514642465114532,0.06963089108201582,0.1893261632424601
4.1015625,False,False,True,False,False,False,False,False,0.23699510120417905,0.00030161244529134333,0.6442201803217115,0.0022286234437346305,0.08717282163013015,0.016467674982703552,0.011794109814196308,0.0008198761580534516
4.140625,False,False,True,False,False,False,False,False,0.2346761339578114,0.0008118416339120871,0.6379173557585004,0.00029865887162102935,0.08633095546383077,0.03175933839893474,0.005998899673955187,0.0022068162414344023
4.1796875,False,False,True,False,False,False,False,False,0.23467598902574413,0.0008118434662733302,0.6379162882692291,0.0002986588868587987,0.08633188848400375,0.031759658874388134,0.00599885366577112,0.0022068193277317008
4.21875,True,False,False,False,False,False,False,False,0.38713671940500105,0.0013392749839216376,0.387136499812652,0.0013392705564463222,0.052389754271506876,0.14241785939141674,0.026901348433835053,0.0013392731452203863
4.2578125,False,False,False,False,False,True,False,False,0.07529739913554544,0.005237356191652928,0.07535209185197761,0.20482560853850268,0.07535093174027802,0.5567745665117518,0.001926172441058064,0.005235873589233563
4.296875,False,False,False,False,False,False,False,True,0.0074772956285187615,0.10760871036238855,0.00037227163229051246,0.0074796438619246,0.039586237478894705,0.03958675959576539,0.002750759495817292,0.7951383219444003
4.3359375,False,False,False,False,False,False,False,True,0.013321732020351605,0.19171662320414812,0.004900739808856537,0.004900878065084489,0.1917150390072543,0.070497489834172,0.0018028964482627978,0.52114460161187
4.375,False,False,False,False,True,False,False,False,0.022546604150467997,0.16661105320629277,0.0225491108178284,0.0005764147325636592,0.45291133978667636,0.0015668646499911079,0.16662009085224408,0.16661852180393563
4.4140625,False,False,False,False,False,False,True,False,0.0048656396314606136,0.0700081641929627,0.01322542700574321,0.0006584450887675001,0.19032605210902886,0.013225754416169501,0.517365902077666,0.19032461547820148
4.453125,False,False,False,False,True,False,False,False,0.0010944455039899792,0.042809115441619645,0.002975226562744171,0.0010944507470198742,0.31634932549644895,0.0029751242473616993,0.3163465850358176,0.31635572696499814
4.4921875,False,False,False,False,True,False,False,False,0.0026919827905821465,0.038728346674003565,0.0009901357719827252,0.00036424836539169744,0.7779719914970348,0.0540623848222142,0.10528396538058614,0.019906944698204823
4.53125,False,False,True,False,False,False,False,False,0.13254609748237817,0.0012465245427962252,0.3603058495140749,0.0004585560438928169,0.13254822058236718,0.009210792951075268,0.360295555099784,0.0033884037836315385
4.5703125,False,False,False,False,False,False,True,False,0.031834787048197685,0.0022122447928462686,0.23524043390055274,0.00029938247866154546,0.08653933679856202,0.00221220779033673,0.6394494391924945,0.002212167998348498
4.609375,False,False,False,False,False,True,False,False,0.010297278323552872,0.003787575482538975,0.027987583520428023,0.0005125638720447933,0.14815750768670574,0.4027342002197136,0.4027359038065729,0.00378738708844295
4.6484375,False,False,True,False,False,False,False,False,0.09535022694966554,0.0008967992671072033,0.7046241982582743,0.0008967656977006333,0.09535338126592638,0.006626621026694695,0.0953552256607404,0.0008967818738909443
4.6875,False,False,False,False,True,False,False,False,0.03184093172577017,0.0015846094580385039,0.16847960927222344,0.001584579684203938,0.45799088279206174,0.16847617928286182,0.16845865973570764,0.0015845480491327038
4.7265625,False,False,True,False,False,False,False,False,0.08464287988831798,0.005884657739312339,0.6254989573080644,0.01599202079715372,0.23010925186710457,0.01599908457960843,0.005882807181086201,0.015990340639352413
4.765625,False,False,False,True,False,False,False,False,0.0013744202828468056,0.001374420853265013,0.027606551279928775,0.3972594136935487,0.14613908182741836,0.39726344496149363,0.0013743837038891408,0.027608283397609564
4.8046875,False,False,False,False,True,False,False,False,0.0013060539870659493,0.05108651832460581,0.0013060599429821197,0.0510827372376428,0.377512262131515,0.3775211440913991,0.001306066111422366,0.13887915817336674
4.84375,False,False,False,False,False,False,False,True,0.011942808465834568,0.2399448895831975,0.0022566024614428374,0.0022567675869711802,0.0008302326754133449,0.08827254892028621,0.0022566306558625014,0.6522395196509919
4.8828125,False,False,False,False,False,False,False,True,0.11203426118262372,0.021168632052967918,0.0003876087618564223,0.007805442434608347,0.007786140284218195,0.015160904901493934,0.007785790800930763,0.8278712195813007
4.921875,False,False,False,False,False,False,False,True,0.001538038526655686,0.16354479884907971,0.0015380423586953585,0.1635505443136854,0.06015495757161941,0.1635501975704707,0.0015380496993464348,0.4445853711104473
4.9609375,False,False,False,False,False,False,False,True,0.0024354032955241326,0.25896908354056747,0.000895923025665327,0.002435458127031018,0.006621651423040037,0.018056697160117964,0.006620525288537787,0.7039652581395164
5.0,True,False,False,False,False,False,False,False,0.6971003031496958,0.006558387698056029,0.25644697461228344,0.00032637752025576635,0.017833853571571148,0.006555671500287005,0.012766708036503881,0.002411723911346813
5.0390625,False,False,False,False,True,False,False,False,0.036536828612494576,0.013419682328299258,0.19309308205002065,0.0006680085877814302,0.5248829328224054,0.036494732988246126,0.1930888550485349,0.0018158775622175614
5.078125,False,False,False,False,True,False,False,False,0.011894010259428382,0.004376103758447657,0.1711659924931647,0.0005921373996822182,0.46526490160289474,0.1711655919632447,0.1711658912196911,0.0043753713034464245
5.1171875,False,False,False,False,False,False,False,True,0.0021943588275354473,0.011615178835641194,0.0008072637858028139,0.0002969747948382194,0.23335008516364106,0.08584083448639412,0.03157968429980778,0.6343156198063394
5.15625,False,False,False,False,True,False,False,False,0.06007698109408571,0.004174528937864376,0.03085385652877876,0.01134763645180007,0.4439184587276547,0.44391831058193626,0.0015357112358649182,0.00417451644201523
5.1953125,False,False,False,False,True,False,False,False,0.16327610793402036,0.0015355452143924917,0.16327643301519462,0.0041737615859615395,0.44383406089273286,0.1632781876486583,0.060061049804499125,0.0005648539045407822
5.234375,False,False,True,False,False,False,False,False,0.0701563263475031,0.1906585009867741,0.5183907283326991,0.013252089755872063,0.0017934262503986776,0.19070358858689515,0.013251800165675134,0.0017935395741827218
5.2734375,False,False,True,False,False,False,False,False,0.23335076141756425,0.0008072577426431269,0.6343138057073577,0.0002969718804200823,0.08584054570378387,0.031578811183806246,0.011617493775827832,0.002194352588596762
5.3125,False,False,True,False,False,False,False,False,0.23467606675930544,0.0008118410922982243,0.6379163634546062,0.0002986582854449795,0.08633177737236772,0.03175971027169129,0.0059987551644135936,0.0022068275998724106
5.3515625,False,False,True,False,False,False,False,False,0.2562192569601619,0.0024094147617047105,0.6964768521325757,0.0003260756722639383,0.017803676770372236,0.017805499306571798,0.006549808640254747,0.002409415756094923
5.390625,False,False,True,False,False,False,False,False,0.10387701655452268,0.007218162313592987,0.7675746470799768,0.00035936679030940143,0.10387885914218128,0.007218391690268216,0.007218147011022036,0.0026554094181265656
5.4296875,False,False,True,False,False,False,False,False,0.036491801502273255,0.09582750883242248,0.26964070220730835,0.000932817522748126,0.2696422817963639,0.050932700934870914,0.26963954941271084,0.0068926377913021315
5.46875,False,False,False,False,False,False,True,False,0.24582463718912584,0.000850440182984243,0.0008505959907068164,0.0023116731437984113,0.04643733152697604,0.033192549135465294,0.6682210965894515,0.0023116762414919015
5.5078125,True,False,False,False,False,False,False,False,0.32560300046123836,0.00041439391402553754,0.00832349216410599,0.008326361010002106,0.32560776305529515,0.325600883337781,0.0030620952795024975,0.0030620107780493034
5.546875,True,False,False,False,False,False,False,False,0.6379166122130087,0.00029866102675044456,0.23467622926663403,0.0008118432972621275,0.03175907377904877,0.005998789616435022,0.08633195547956986,0.002206835321290988
5.5859375,False,False,False,False,False,False,True,False,0.07001634886555538,0.013225125443988097,0.19032667951811236,0.0006584214184099986,0.1903233200388489,0.0048651406096292815,0.5173585979448504,0.013226366160605676
5.625,False,False,True,False,False,False,False,False,0.1974331002392175,0.0018566324676105343,0.5366808255121012,0.0018566141497184194,0.01371872063726013,0.037301871661530914,0.19743301751583284,0.013719217816728493
5.6640625,True,False,False,False,False,False,False,False,0.6379161141622033,0.0008118403031462434,0.2346760684711731,0.0002986586543753809,0.005998798991961523,0.08633191949184925,0.03175978349415417,0.0022068164311370487
5.703125,False,False,True,False,False,False,False,False,0.23467623489326533,0.0008118437856705484,0.6379169655789371,0.0002986592843844238,0.08633128171003869,0.03175937013862867,0.005998814539851608,0.002206830069223632
5.7421875,False,False,True,False,False,False,False,False,0.23335282214864586,0.0008072635308127915,0.6343188096241179,0.0002969743047891175,0.08584457133543988,0.03156750797707387,0.011617683049622452,0.002194368029498041
5.78125,False,False,True,False,False,False,False,False,0.23334996854167134,0.0008072528362857501,0.6343111014984696,0.0002969705234985441,0.08584396355784192,0.03157908673104894,0.011617319527656916,0.002194336783526933
5.8203125,False,False,True,False,False,False,False,False,0.23698641698333953,0.0008198375130187337,0.6441968186120804,0.0003015994040443335,0.08718150459126014,0.016486679921256277,0.011798599458844206,0.0022285435161562995
5.859375,False,False,True,False,False,False,False,False,0.23334848375835612,0.0002969740680006662,0.6343124926243863,0.0008072563656763677,0.08584315870048714,0.03157990921417801,0.011617372796041378,0.002194352472873946
5.8984375,True,False,False,False,False,False,False,False,0.22611562342231606,0.005780194565941173,0.226120710175557,0.0007822524706785837,0.22612014804255884,0.08318237651353788,0.22611855853385365,0.005780136275556849
5.9375,False,False,False,False,True,False,False,False,0.14433062022250343,0.0036895047247412515,0.010033359032607672,0.0004993096972491209,0.39233431842160543,0.0530892260307542,0.39233420680417425,0.003689455066364638
5.9765625,False,False,False,False,True,False,False,False,0.006093361934210896,0.0008246045102106715,0.0022415348497057943,0.000303349638584472,0.647928461749545,0.01656431973081746,0.08768541769496914,0.2383589498919565
6.015625,False,False,False,False,True,False,False,False,0.03270190054463286,0.0008359376380774043,0.03270188100946299,0.0003075203562515697,0.6568415277430036,0.002272305759596528,0.24163733558239547,0.03270159136657946
6.0546875,True,False,False,False,False,False,False,False,0.22611910051545533,0.005780048049791373,0.2261194296871969,0.000782238428085256,0.08318366923790085,0.005780032279845736,0.22611891733479808,0.22611656446692643
6.09375,False,False,True,False,False,False,False,False,0.013853307516939342,0.0003541753848557257,0.7564749442496613,0.0026170493172814344,0.1023697380833567,0.0026169983706923975,0.019337563006841474,0.10237622407037164
6.1328125,False,False,True,False,False,False,False,False,0.09551293436923143,0.002441681607151566,0.7057977887646812,0.0003304433657476403,0.09551876423298584,0.0024416768475450093,0.09551503776886962,0.002441673043787804
6.171875,False,False,False,False,True,False,False,False,0.031836248012070065,0.002212182337648917,0.08653950871405823,0.0002993826311038196,0.639455460091558,0.0022122156328190142,0.2352328564752351,0.002212146105506965
6.2109375,True,False,False,False,False,False,False,False,0.315974869386056,0.002971389552101421,0.31597239688472173,0.0004021308685539005,0.04276030583322584,0.002971561775600565,0.3159759453702963,0.0029714003294443172
6.25,False,False,False,False,True,False,False,False,0.1443331806170672,0.0004993174662300393,0.05308331805505544,0.0036894745008047435,0.3923393398790709,0.010029241574923544,0.39233652257528534,0.003689605331562994
6.2890625,False,False,False,False,False,False,False,True,0.00256990431268674,0.002569909194627479,0.013600742123228425,0.0003477932060353594,0.1005346749369129,0.10053460209071549,0.03698451308441442,0.7428578610513791
6.328125,False,False,False,False,False,True,False,False,0.0058822134923825434,0.01599014715608471,0.015990070226257237,0.005882224310633674,0.23010488973664614,0.6255086346292351,0.01598983759612433,0.0846519828526363
6.3671875,False,False,False,False,True,False,False,False,0.07949020532561597,0.015014337484779322,0.21607701856595626,0.005523453182532152,0.5873625124546218,0.07948637424714057,0.015014165995958218,0.0020319327433957063
6.40625,True,False,False,False,False,False,False,False,0.674374309926141,0.0008582469745186951,0.033574087455299544,0.033571307695085185,0.24808910808861268,0.00634172665513339,0.0023329729498811507,0.0008582402553282735
6.4453125,True,False,False,False,False,False,False,False,0.6544389020691411,0.006154428397989735,0.08856866810163408,0.0008328682237601606,0.2407540763937656,0.0061542039160062765,0.0022639856505772414,0.0008328672471258479
6.484375,True,False,False,False,False,False,False,False,0.6384790092069875,0.0008125549072121036,0.23488307475935719,0.0008125531997451155,0.08640836740767265,0.0060040235321334005,0.031787863104742554,0.000812553882149423
6.5234375,True,False,False,False,False,False,False,False,0.6442095204755703,0.0008198483547083901,0.08718418678608429,0.00030160464975525125,0.23699119466819105,0.016467109117069834,0.011797948669673233,0.002228587278947669
6.5625,True,False,False,False,False,False,False,False,0.8086045519733654,0.007603885620061609,0.10943225302641212,0.0003785705392083658,0.040257861857580846,0.020670255319634984,0.005448269832350626,0.007604351831386075
6.6015625,True,False,False,False,False,False,False,False,0.6379159688940058,0.0008118373631190467,0.23467605592384386,0.0002986576007227727,0.0863322001462175,0.005998710711490936,0.03175974581511201,0.002206823545488111
6.640625,True,False,False,False,False,False,False,False,0.6442089294065444,0.0008198467483328887,0.23699122082079152,0.00030160393123768945,0.08718375240581017,0.016467150805937306,0.011798919305140522,0.0022285765762054327
6.6796875,False,False,True,False,False,False,False,False,0.23701057950086532,0.0008199197557278571,0.6442628553516064,0.0003016295473918652,0.08716415905822633,0.016469122679653163,0.011742963113348623,0.0022287709931803758
6.71875,False,False,True,False,False,False,False,False,0.08718381149538146,0.0003016080078453821,0.6442113924953734,0.0008198524811066138,0.016467388875514802,0.002228613313540757,0.2369890729915181,0.01179826033971939
6.7578125,False,False,True,False,False,False,False,False,0.036196731111433705,0.0009252769200992064,0.7270439625869126,0.0003403886428347056,0.002515179808643471,0.0361930430327781,0.09839317210358836,0.09839224579370975
6.796875,False,False,False,False,False,False,True,False,0.03663785511399855,0.0009366139722907771,0.09959666718156043,0.0003445546669937001,0.013478304421141823,0.09959477020794415,0.7359351083424543,0.013476126093616099
6.8359375,False,False,False,False,False,False,True,False,0.16667611034316035,0.0015674095896174986,0.166676701806237,0.0005766112491313382,0.022201550000470357,0.16667336797922014,0.45307301864222616,0.022555230389937224
6.875,False,False,True,False,False,False,False,False,0.09432569424936774,0.0065544371259749394,0.2564092177516551,0.0008870328337907967,0.09432279094667341,0.2564014832953553,0.25640626919650555,0.034693074600677255
6.9140625,False,False,False,False,False,False,True,False,0.03930853186365637,0.007425164520884639,0.10685306854960513,0.00036965536891408904,0.039308229347062906,0.0144540160554298,0.7895498588623129,0.0027314754321341784
6.953125,False,False,False,False,False,True,False,False,0.13868361828776032,0.003545364246142663,0.001304151046678844,0.00047976840857746856,0.051010079489953855,0.37698181729201063,0.051013940071075264,0.37698126115780095
6.9921875,False,False,False,False,True,False,False,False,0.03197314714986004,0.04462841725456537,0.0060394466321620896,0.006039368301149437,0.6422250829149813,0.016416968632636447,0.016417213324475877,0.2362603557901694
7.03125,False,False,False,False,False,False,True,False,0.10685916649910016,0.0010049081403068203,0.03931098986539388,0.001004885052029445,0.03931061768499487,0.0027316711516644295,0.7895913206409049,0.020186440965605405
7.0703125,False,False,False,False,True,False,False,False,0.01985196205451339,0.003750724772463995,0.14672754805040816,0.0005075999830880677,0.39884776960100327,0.02771537105736197,0.0037508568286574125,0.39884816765250375
7.109375,False,False,False,False,True,False,False,False,0.0024424440434860552,0.00033045505456713445,0.09551814682610087,0.0024417663783189414,0.7057954566925487,0.09551369839989533,0.09551621539476908,0.0024418172103138555
7.1484375,False,False,False,False,True,False,False,False,0.13321368663174105,0.0012528198755439863,0.0034057730711878546,0.0012527976122814364,0.3621301758077436,0.0034056203575344216,0.3621191313153095,0.13321999532865808
7.1875,False,False,False,False,False,False,True,False,0.04081457268298114,0.005523752179179971,0.040812236108870206,0.0007474912816416682,0.02923861033268628,0.21606510373440582,0.5873253762302281,0.0794728574500069
7.2265625,False,False,False,False,True,False,False,False,0.007247409366636772,0.0009807547278536616,0.007246998398237715,0.002665950957810091,0.7706151306295486,0.10428891050422139,0.0026661394027333203,0.1042887060129584
7.265625,True,False,False,False,False,False,False,False,0.31533340361424544,0.0010909335121639294,0.31533555628314264,0.001090911438011201,0.04266106119345558,0.31533615715401236,0.00806103574203422,0.0010909410629346746
7.3046875,False,False,False,False,False,False,True,False,0.23914400873664718,0.0003043533055117637,0.011905156087038439,0.002248882724733049,0.08797641614854203,0.006113232097920668,0.650059082740619,0.0022488681589879957
7.34375,False,False,False,False,True,False,False,False,0.0025936707625981697,0.0009527185310178792,0.03726701878724105,0.10130623776544025,0.7485798086339837,0.1013079627097362,0.0009527107056678733,0.007039872104315082
7.3828125,False,False,False,False,True,False,False,False,0.030848982023399193,0.004174890300226614,0.0600695604238308,0.004174748157468185,0.4439239074194181,0.4439238266611276,0.01134832927253132,0.0015357557419981714
7.421875,False,False,False,False,False,False,True,False,0.2522024351653439,0.0008725420697606495,0.006447390989753999,0.0023718215509746948,0.03413165068257851,0.000872528989166614,0.6855750991048617,0.017526531447559886
7.4609375,False,False,False,False,True,False,False,False,0.013854440582584244,0.002617005835457677,0.002616990933668511,0.00035416825344268576,0.7564673346800624,0.1023764077714606,0.10237582978672866,0.019337822156595116
7.5,False,False,False,False,True,False,False,False,0.006446754248700643,0.0003209639918005693,0.006446877350944527,0.002371619433498979,0.6855384505109567,0.0341305897104486,0.25218946277938087,0.0125552819742691
7.5390625,False,False,False,False,True,False,False,False,0.007013190936540323,0.00034913552274283674,0.037126777688797546,0.0009490465198295942,0.7457136728144105,0.1009204698629334,0.10091491075084674,0.007012795903899087
7.578125,False,False,False,False,True,False,False,False,0.020105194577569707,0.0010008402863050853,0.03915157277349504,0.000368184768783604,0.7864098708737703,0.10642796603521586,0.03914085585698339,0.007395514827876991
7.6171875,True,False,False,False,False,False,False,False,0.67374498834138,0.002330811702224599,0.24785651875088827,0.00031543711891501765,0.03354229493047478,0.0063358683166624494,0.03354327959524042,0.0023308012442143557
7.65625,True,False,False,False,False,False,False,False,0.6384802759157567,0.0008125688224688767,0.23488248678254836,0.0008125672453821553,0.0864086374783934,0.006004152277998277,0.03178674177416231,0.0008125697032897377
7.6953125,False,False,True,False,False,False,False,False,0.2393586317451823,0.0022509093423639117,0.6506441483116926,0.0008280500066548625,0.0880552610368885,0.01191630473400225,0.006118645887951387,0.0008280489352642031
7.734375,True,False,False,False,False,False,False,False,0.4039250839725346,0.010325209402549974,0.40392405999735514,0.0013973504901636645,0.14859551591969422,0.01032551121261898,0.02010991937458205,0.0013973496305013074
7.7734375,True,False,False,False,False,False,False,False,0.6447833108639197,0.0008205851216213175,0.2372021006687018,0.0008205821482900349,0.08726126255638397,0.016482234849034424,0.011809342254856001,0.0008205815371926131
7.8125,False,False,True,False,False,False,False,False,0.23914469628364274,0.002248854090232495,0.650061912727663,0.0003043472173293161,0.08797542738085133,0.006113610780271097,0.01190230934043323,0.002248842179576802
7.8515625,False,False,True,False,False,False,False,False,0.16954974775273723,0.00433409179982018,0.4608838137222439,0.0015944018564784748,0.16954982313656977,0.022944469972001433,0.1695492492250939,0.0015944025350550283
7.890625,True,False,False,False,False,False,False,False,0.3125740817717661,0.00039780404550267295,0.31257204546172646,0.0010813407191702597,0.04230206853076097,0.015561670470772513,0.3125715823359247,0.002939406664376336
7.9296875,True,False,False,False,False,False,False,False,0.6995414059500953,0.0008902904383808899,0.09467206168179966,0.00032751739615358106,0.09466556600063804,0.09467236194656245,0.012810730329903057,0.0024200662564669915
7.96875,False,False,True,False,False,False,False,False,0.039352129006375865,0.007433000586397836,0.790411460592735,0.0010059266557894595,0.03934654088882806,0.01447668028396782,0.10696833166741439,0.0010059303184914868
8.0078125,False,False,True,False,False,False,False,False,0.16327693670254292,0.0015354295090610698,0.4438329179890207,0.0005648495784787875,0.16327616126965822,0.060064684148918066,0.16327530415998223,0.00417371664233802
8.046875,False,False,True,False,False,False,False,False,0.1314030694248452,0.0012356963774558878,0.3571914495516766,0.0004545837718552769,0.1313995051209172,0.3571907063303335,0.01776602126770624,0.0033589681552101862
8.0859375,False,False,True,False,False,False,False,False,0.23776662068881194,0.0022359423935222017,0.646316530932433,0.0003025964481437786,0.08746844980386517,0.011837554739281692,0.011836394454385696,0.002235910539556478
8.125,False,False,True,False,False,False,False,False,0.13868292281364003,0.00047977364624704477,0.37697821894865297,0.0013041514472356397,0.05101765851887621,0.051017243788285434,0.37697495147976756,0.0035450793572952247
8.1640625,False,False,False,False,False,True,False,False,0.08632920213893892,0.0008118663367674289,0.2346764076410096,0.00029866621600850666,0.03175876543768353,0.6379186097118805,0.005999611961567857,0.002206870556143519
8.203125,True,False,False,False,False,False,False,False,0.39291206154922276,0.0036951693472541047,0.05317412476843899,0.0013592848267348712,0.39290946626252854,0.14454505302625148,0.010045552148239805,0.0013592880713293968
8.2421875,False,False,True,False,False,False,False,False,0.08286983767591925,0.015654781350767588,0.6123145447511911,0.015657109684957975,0.01565384062098289,0.2252617011116971,0.030469721957819478,0.002118462846664608
8.28125,False,False,False,False,False,True,False,False,0.0334562904665627,0.0008553743335877139,0.2472293329131965,0.00031465948963834735,0.033457497182072686,0.6720464735339565,0.006320155207873576,0.006320216873112079
8.3203125,False,False,False,False,True,False,False,False,0.031780993471499194,0.0008127228230744852,0.08640370375881327,0.0008126646406537342,0.6384829248808634,0.23488877971543126,0.006005492189377225,0.0008127185202872273
8.359375,True,False,False,False,False,False,False,False,0.6743861637025074,0.006343095313545837,0.03357052543459545,0.0008582988823329897,0.24808605666973774,0.0023333333682275196,0.03356421454325862,0.0008583120857946586
8.3984375,False,False,True,False,False,False,False,False,0.13303763955987208,0.0004602873730700211,0.3616522265776984,0.00340108513941848,0.3616538897039818,0.1329925388990231,0.0034013028843865585,0.003401029862549454
8.4375,False,False,False,False,False,True,False,False,0.039858275071857574,0.0053947380412452,0.2109011392840296,0.014657198903015194,0.07756125158277433,0.5733141361605345,0.07758356361203282,0.0007296973445106581
8.4765625,False,False,False,False,True,False,False,False,0.13253938197280887,0.0004586509785024622,0.1325269574549312,0.0033894690737042025,0.36031062414484527,0.0012467003253238645,0.009217517015263233,0.3603106990346208
8.515625,True,False,False,False,False,False,False,False,0.7683780369679445,0.0009781018461378194,0.1039824595211043,0.007236042744632744,0.1039931598471551,0.007227162489601453,0.0009780971533418083,0.007226939430082096
8.5546875,False,False,True,False,False,False,False,False,0.12731397520808363,0.0011978071297507173,0.3461338434603124,0.06540333877131689,0.3460976946358221,0.024103821558160817,0.06548987344950347,0.024259645787049967
8.59375,False,False,False,False,True,False,False,False,0.0030222261611581114,0.003022090548586549,0.008215553159621221,0.02233078163606797,0.8734295398673614,0.04348075197875237,0.003022093015289581,0.0434769636331627
8.6328125,True,False,False,False,False,False,False,False,0.21952310865022684,0.0007595366493712211,0.21951114218713788,0.21947944190758573,0.21952403602562762,0.11352556067693231,0.005612570525956128,0.002064603377162215
8.671875,False,False,False,False,True,False,False,False,0.03270063947689261,0.00030754476437072213,0.03270179672703903,0.0008360100371737638,0.656860370628121,0.24162577184666378,0.0022726096736757143,0.03269525684606341
8.7109375,False,False,False,False,True,False,False,False,0.006426856991340586,0.0003199644625775068,0.034023602838266026,0.0023643103803270473,0.6833905543844563,0.2514003768176967,0.01747029837622191,0.004604035749114026
8.75,False,False,False,False,True,False,False,False,0.01608965771783181,0.0011191611717836203,0.008270405706224669,0.0030425730647205976,0.3234385846399471,0.3234696295554624,0.0011191570051290439,0.3234508311389007
8.7890625,False,False,False,False,False,False,True,False,0.2210189957994237,0.04176059697424834,0.0020789096295951762,0.041753472764045535,0.005652811180792472,0.08129330960116898,0.6007913716093043,0.005650532441421503
8.828125,False,False,False,False,True,False,False,False,0.015997311259454663,0.005884579046696259,0.015996163071510274,0.005884123128638906,0.6256261553734452,0.23014697545812887,0.08446206636140381,0.016002626300721905
8.8671875,False,False,False,False,False,True,False,False,0.014479589661348801,0.0010063840000869954,0.03904839333780133,0.0074371591023278194,0.10698697236943304,0.7906788156304453,0.039356349601893256,0.0010063362966634048
8.90625,False,False,True,False,False,False,False,False,0.13247677939651348,0.00045860012734620973,0.36032730885847836,0.009211688018530681,0.3603336201223143,0.13255646163106638,0.003388949077507844,0.0012465927682427352
8.9453125,False,False,False,False,True,False,False,False,0.05308509371862642,0.0036953964651814256,0.14455789560899837,0.001359429389135779,0.39294778361137594,0.39294984798939436,0.010045115356969584,0.0013594378603182047
8.984375,True,False,False,False,False,False,False,False,0.7486047778853441,0.007040435917431528,0.002606412576644316,0.0009527343773098716,0.10130929318117807,0.03726997380453558,0.10126364025645943,0.0009527320010970957
9.0234375,False,False,True,False,False,False,False,False,0.08633584229297481,0.000298694234056156,0.6379595737944183,0.0008119433550790228,0.23469382683037246,0.005999654037147114,0.03169339707813309,0.002207068377819047
9.0625,False,False,True,False,False,False,False,False,0.0014171867428292991,0.003852675246171331,0.40962385727820955,0.0038521959212896987,0.4096188180772689,0.15068963464881266,0.010472483243348174,0.010473148842070472
9.1015625,False,False,False,False,True,False,False,False,0.011547440810124286,0.004246854543174069,0.004246285700359898,0.004246600032518239,0.4515291760133039,0.4515328568573955,0.011544645744225368,0.061106140298898826
9.140625,True,False,False,False,False,False,False,False,0.6479362980403767,0.0003033874730031004,0.08768101579692177,0.01656712201626874,0.23835186166366956,0.006093802968254031,0.0022418032414642797,0.0008247088000418017
9.1796875,False,False,True,False,False,False,False,False,0.1013030995384519,0.0009528045573026006,0.7485961270456203,0.0009527846001849731,0.10129926702485106,0.03726472715002474,0.002590112538461251,0.0070410775451030805
9.21875,True,False,False,False,False,False,False,False,0.2979816075959657,0.15544526533979888,0.007617675709567471,0.0010309069311854433,0.297985333322863,0.10962104254130002,0.10960876536945213,0.020709403189867474
9.2578125,True,False,False,False,False,False,False,False,0.7887446842030713,0.0027288770680589406,0.0392595804968682,0.0003692888921005338,0.03926664556635241,0.020166049566131414,0.10673614569838029,0.00272872850903696
9.296875,False,False,True,False,False,False,False,False,0.23856963661593977,0.0008253744622224107,0.6485112240881363,0.006098766687873826,0.08776584319703752,0.016578408869081136,0.0008253748987481297,0.0008253711809610207
9.3359375,False,False,False,False,True,False,False,False,0.003690040750658074,0.003689867438446931,0.01002960784819559,0.000499334080286219,0.3923400746255629,0.053093696080885946,0.39233052973568133,0.144326849440283
9.375,True,False,False,False,False,False,False,False,0.4446601915473684,0.001538395275511695,0.44459302993225147,0.011382830213267409,0.022133144372025376,0.0041818395387753044,0.06014314192302569,0.011367427197774739
9.4140625,False,False,True,False,False,False,False,False,0.23835928645815366,0.00030335577465824694,0.6479285111048243,0.00224151502296643,0.08768514281667183,0.016562844986240693,0.006094732812297808,0.0008246110241871888
9.453125,False,False,True,False,False,False,False,False,0.24785594878927975,0.0023309127834885675,0.6737524658777269,0.0003154455471852654,0.03353687469684778,0.006336136918088548,0.03354131111107476,0.002330904276308549
9.4921875,True,False,False,False,False,False,False,False,0.7886290542751568,0.0003692891307268046,0.10668756547128311,0.03925179516664079,0.020351490346263303,0.002728736423031011,0.03925352652807632,0.0027285426588216787
9.53125,True,False,False,False,False,False,False,False,0.31636296008705184,0.0010950328493843113,0.0029756112581952286,0.0029756303685848167,0.04280581382145843,0.0010946740768862054,0.31634262748523273,0.3163476500532065
9.5703125,False,False,False,False,True,False,False,False,0.23914759002993646,0.0022491761448701006,0.006115375412106448,0.0003043728998163384,0.6500769691533722,0.08795683803165169,0.0022492478788980956,0.011900430449348616
9.609375,True,False,False,False,False,False,False,False,0.680752639749357,0.0023553062567277408,0.03389132887594691,0.00031872300993864906,0.25043446997110175,0.017429017956486385,0.012463326870440416,0.0023551873100011653
9.6484375,True,False,False,False,False,False,False,False,0.3603007760633475,0.0012464927116411493,0.3603029739686087,0.0004585461836508627,0.13254364075091996,0.009212363135482555,0.13254693159855252,0.0033882755877967454
9.6875,True,False,False,False,False,False,False,False,0.23622331052217516,0.0022216682804973753,0.044634090627626126,0.0022216097805800713,0.23623339305604976,0.006039332573304201,0.23620573301441633,0.23622086214535093
9.7265625,True,False,False,False,False,False,False,False,0.443861464706311,0.004174633946161999,0.0015355812595134412,0.0005649112506323891,0.16328958109245037,0.16324684443932874,0.1632604771911512,0.060066506114450746
9.765625,True,False,False,False,False,False,False,False,0.644763143408517,0.0003018821565427964,0.23719066660439242,0.006063628848256421,0.011805978667400657,0.0008205885678077798,0.08724778117044645,0.011806330576636534
9.8046875,True,False,False,False,False,False,False,False,0.6479264002807943,0.000303363997519047,0.238359549097369,0.0022415886019185325,0.08768691025405334,0.016563775552190102,0.00609375244400303,0.0008246597721527087
9.84375,True,False,False,False,False,False,False,False,0.38568461788603414,0.0013343603485374887,0.14188459423083255,0.0013342959783571337,0.38568624550871305,0.07288182281151291,0.00985977204488377,0.0013342911911289348
9.8828125,True,False,False,False,False,False,False,False,0.31533457984534535,0.0010909864473355217,0.31532628223250947,0.008061320292976713,0.31533393617307914,0.001090944308865752,0.04267102219804219,0.0010909285018457786
9.921875,True,False,False,False,False,False,False,False,0.764599986154859,0.0009732645682495099,0.00264794471861485,0.0026458000572219553,0.10345755144015653,0.01955706682681673,0.002645784201769319,0.10347260203231216
9.9609375,True,False,False,False,False,False,False,False,0.6814228288334327,0.006408684182031427,0.03392529053534879,0.00031904669430098684,0.012446950672969656,0.0023575205291654785,0.012476679239807196,0.2506429993129437
10.0,False,False,True,False,False,False,False,False,0.18062319054874873,0.0016986447891040525,0.4909898525979068,0.0006248740906928365,0.18061629354511125,0.06644582510286225,0.06644796364838425,0.012553355677189756
10.0390625,True,False,False,False,False,False,False,False,0.39076656293433165,0.001351861268997423,0.39076672444354826,0.0004973099782959222,0.009988898024343627,0.009991675750226081,0.14375355074139415,0.0528834168588629
10.078125,False,False,False,False,False,True,False,False,0.07799936864989707,0.10892260936046756,0.001993908388211948,0.0007335141629186321,0.07799226702680309,0.5763582830672028,0.07799978663691846,0.07800026270758044
10.1171875,False,False,True,False,False,False,False,False,0.03688115995642479,0.10022726903608657,0.7408194928025339,0.0003468439172507916,0.013566797081268496,0.10024860546583156,0.0009428335522574362,0.00696699818834652
10.15625,False,False,True,False,False,False,False,False,0.15069015316958942,0.0014171071975223007,0.40962487581213697,0.01047103970249905,0.010471382849298874,0.0038522725860564186,0.4096209787074672,0.003852189975429864
10.1953125,False,False,True,False,False,False,False,False,0.05742923623093062,0.001468145639882495,0.42437150438249144,0.003990809725229725,0.05741170091020907,0.0014681242281801789,0.029496390853748538,0.4243640880293279
10.234375,False,False,False,True,False,False,False,False,0.0004994336902092235,0.0036903223541002086,0.003690276712919633,0.39240958678901666,0.010031915620983522,0.14416237368981394,0.05310486541331319,0.39241122572964365
10.2734375,False,False,False,True,False,False,False,False,0.06700249476458649,0.001712931813896729,0.004656161594989636,0.4950708598220637,0.18071879006298663,0.001712831516251829,0.1821279565460321,0.06699797387919293
10.3125,False,False,False,False,True,False,False,False,0.019773916049691316,0.0005055298615631358,0.14609779862631517,0.010154658200872736,0.3971990387457934,0.0013741370095102742,0.397191746483905,0.027703175022349057
10.3515625,False,False,True,False,False,False,False,False,0.03931134660558654,0.0010049024244265514,0.789592959498152,0.0027315588627163123,0.10685939330821638,0.020184281216763883,0.03931067098237176,0.0010048871017665395
10.390625,False,False,True,False,False,False,False,False,0.2495802114570843,0.00031762803316576194,0.6784307018343962,0.0023469695261238315,0.01734201148962861,0.017343396743894655,0.03377568022727277,0.000863400688433811
10.4296875,False,False,True,False,False,False,False,False,0.24554510965867077,0.00031249184723766655,0.6674617914169987,0.0023090184608656954,0.01706160127648046,0.03323051065175422,0.03323003534029143,0.0008494413477010007
10.46875,True,False,False,False,False,False,False,False,0.4072909326287113,0.0005183423819421926,0.4072929677032898,0.0038300489353019643,0.010411226829400856,0.14983371564892917,0.010411236443807715,0.010411529428617061
10.5078125,True,False,False,False,False,False,False,False,0.7748038630797753,0.0009860614914471383,0.10485741945548388,0.038573255682200894,0.0009860600221066548,0.038571811530925794,0.0026804318870916497,0.038541096850968806
10.546875,True,False,False,False,False,False,False,False,0.703924284217723,0.0003295719515074122,0.09526494724762975,0.0024352231600014286,0.0008958707864203196,0.09526563426026079,0.006619775459306646,0.0952646929171507
10.5859375,False,False,False,False,False,True,False,False,0.10204981432924656,0.01949668343034925,0.10318729115858957,0.0003569797100908947,0.0026377609991812888,0.7624632716838766,0.002637752318122218,0.007170446370543734
10.625,False,False,False,False,False,True,False,False,0.23893908994380497,0.0003040921930804024,0.08790123463539479,0.002246977304405329,0.0022469651918365385,0.6495104138143504,0.01660424290019104,0.00224698401693655
10.6640625,False,False,True,False,False,False,False,False,0.18706940792351762,0.0017591780564372697,0.5085048586179238,0.012999214693406428,0.09605683368377511,0.18706937444255084,0.004781954501527134,0.001759178080861685
10.703125,False,False,True,False,False,False,False,False,0.16818247618082668,0.0005818249165548547,0.4571647911134037,0.0015815602771480778,0.16818346059014283,0.1681801911226443,0.0042991369743816624,0.03182655882489785
10.7421875,False,False,True,False,False,False,False,False,0.13321875153066398,0.0012527705888625937,0.36212575478130077,0.0012527629620476155,0.13321771997681844,0.36212142042903095,0.0034054244009815793,0.003405395330294045
10.78125,True,False,False,False,False,False,False,False,0.45719957203618455,0.0015816797090362931,0.1681948186574018,0.0005818616690765538,0.16819456202753977,0.1681782633658469,0.00429953942438172,0.03176970311053247
10.8203125,False,False,True,False,False,False,False,False,0.14375249772193913,0.00998948184723734,0.3907669183928427,0.0004973199999140762,0.39076816309952295,0.009989129057565408,0.0013519156864712906,0.05288457419450704
10.859375,False,False,False,False,False,False,False,True,0.0023698871557643266,0.006441458229791281,0.03409996282020931,0.00032067535933951325,0.0023697421190852844,0.25196179838387506,0.017512648938748394,0.6849238269931868
10.8984375,False,False,False,False,False,False,False,True,0.16819942422734194,0.0015818360393303973,0.16819410717284597,0.000581903795484117,0.00429986798422113,0.1681501519889209,0.03177468296145235,0.45721802583040316
10.9375,False,False,False,False,False,False,False,True,0.03721816858955065,0.002587394027707133,0.10120617713972321,0.000350126465043044,0.00703280064018838,0.10119401173384047,0.0025872621999358998,0.7478240592040112
10.9765625,True,False,False,False,False,False,False,False,0.6379182787933111,0.002206966902559955,0.006003646542904497,0.00029866656376050004,0.03175634743002707,0.08632977165266915,0.0008118905935786085,0.2346744315211893
11.015625,True,False,False,False,False,False,False,False,0.37697867760070863,0.0035452002127787374,0.051017926724306994,0.00047976824483963527,0.3769799761538579,0.001304161962807551,0.13867992386843309,0.05101436523226748
11.0546875,True,False,False,False,False,False,False,False,0.6379288793881313,0.0008119008773849193,0.08631384684721616,0.0002986707889677766,0.2346803278403575,0.002206929095270579,0.03175969439443888,0.005999750768233093
11.09375,True,False,False,False,False,False,False,False,0.386571881236652,0.0036353792714924208,0.14221188474638705,0.0004919805361573639,0.38657270050321824,0.026864859185367358,0.001337386079590153,0.05231392844113545
11.1328125,True,False,False,False,False,False,False,False,0.3923308966614333,0.01003126408135093,0.14433043928221512,0.0004993268155472866,0.39234092845478313,0.003690268865987235,0.003689752637266355,0.05308712320141664
11.171875,True,False,False,False,False,False,False,False,0.6384805255811121,0.006005221936830137,0.08640819788528574,0.0008126038829072239,0.2348842852335478,0.0008126282072983983,0.03178392522931471,0.0008126120437039237
11.2109375,False,True,False,False,False,False,False,False,0.012974027772751934,0.5073203130714088,0.06865284748213143,0.0017557196703442525,0.18660309314087473,0.035400414988063865,0.0006458031452966024,0.18664778072912844
11.25,False,False,False,False,True,False,False,False,0.1042863800988663,0.0009808244491657805,0.002666073180279856,0.007247995338871012,0.7706133685240125,0.1042915190900237,0.007247602208060463,0.002666237110720296
11.2890625,False,False,True,False,False,False,False,False,0.23467574667620075,0.0002986786893237282,0.6379214112481337,0.0008118737896664286,0.0863271728071899,0.03175771562117347,0.002206891442806573,0.006000509725505334
11.328125,False,False,False,False,False,True,False,False,0.17035669495999528,0.0016021064084897835,0.1703283996714809,0.01184929480876274,0.17035556349502534,0.4630795188324472,0.011839060977997166,0.000589360845801756
11.3671875,True,False,False,False,False,False,False,False,0.6560441638081992,0.0022698780229172878,0.0022697225865003882,0.0008350063082709628,0.24135347382379885,0.0061729177606964555,0.0022699363741817856,0.08878490131543511
11.40625,False,False,False,False,False,True,False,False,0.03186141321038844,0.2354398676482319,0.08661629567336475,0.002214518348107306,0.0008145855480002555,0.6400244571277804,0.0008145920438336106,0.002214270400293186
11.4453125,False,False,False,False,True,False,False,False,0.18798263723157155,0.00480610514428743,0.18798914897969404,0.035528317003311445,0.5110109587803182,0.001768089959290062,0.06914674261478473,0.001768000286742394
11.484375,False,False,True,False,False,False,False,False,0.09526342001772842,0.000895932019038512,0.703951132277782,0.0003295826875844151,0.006621574521457479,0.002435381030530224,0.09524283130126397,0.09526014614461505
11.5234375,True,False,False,False,False,False,False,False,0.5047958498999001,0.025122017049018494,0.02512910720766007,0.0006425094006679582,0.004747960086245307,0.06830745968807786,0.1856609808299965,0.18559411583843383
11.5625,False,False,False,True,False,False,False,False,0.022251583866884993,0.03108397126964498,0.004205000563051836,0.4470924309789409,0.011438510109629483,0.0005690580367904853,0.036253144439962325,0.44710630073509494
11.6015625,False,False,False,False,False,False,False,True,0.017826746072115242,0.006559543231148813,0.017825935932272066,0.0008874094742014665,0.0008874232872583908,0.25646511225215757,0.002412215393766062,0.6971356143570804
11.640625,False,False,False,False,False,False,False,True,0.002436251666511175,0.0066247109797683305,0.2589885547170069,0.0008960894883797601,0.0024360110068539953,0.01801014618331088,0.006623075814565047,0.7039851601436039
11.6796875,False,False,False,False,False,False,False,True,0.23467609269884698,0.0008119191838345365,0.08633058266494424,0.0002986736784680354,0.0022070308931332328,0.00599934694875861,0.03175860915664798,0.6379177447753664
11.71875,True,False,False,False,False,False,False,False,0.3604710189099247,0.003390271609457836,0.006601547601572665,0.00045877928235140455,0.13260978210515115,0.3604721780545958,0.003390219840301879,0.13260620259664466
11.7578125,False,False,False,False,True,False,False,False,0.20055146550830572,0.0051269896211436124,0.07378047066639998,0.0006938388887765343,0.5451665132451762,0.027129124269256528,0.07377905467520329,0.07377254312573826
11.796875,True,False,False,False,False,False,False,False,0.4910034275945644,0.001698791052310142,0.0664257444160749,0.000624916841082769,0.18061771148156894,0.18062741630648754,0.06644785600685887,0.012554136301052449
11.8359375,False,False,False,False,False,True,False,False,0.010416221923785315,0.00383088362425216,0.149832394366702,0.010412743599305043,0.010414208680534113,0.407282812528464,0.0005183734835920135,0.40729236179336537
11.875,False,False,False,False,False,True,False,False,0.0009555078134254279,0.0025973772391289134,0.03737514062600467,0.002597325411193688,0.0025974175543967866,0.7507069463129287,0.10158665186788891,0.10158363317503301
11.9140625,True,False,False,False,False,False,False,False,0.7623682032721625,0.007170514661837391,0.10317024093510345,0.013961393670028067,0.0003569415004774826,0.007170746326842008,0.0026377108083540423,0.10316424882519505
11.953125,False,False,False,False,False,True,False,False,0.10129563931615004,0.0009528081855867481,0.10130728352447854,0.0009527485744815098,0.007040195476319244,0.7485955421047487,0.0025899187955845788,0.03726586402265067
11.9921875,True,False,False,False,False,False,False,False,0.4033479108382125,0.0013955096115172792,0.028034135528318502,0.0013954233402373795,0.4033415567930465,0.1483803612469718,0.010311871681415525,0.00379323096028061
12.03125,True,False,False,False,False,False,False,False,0.4934761400665332,0.0006280655499757084,0.181527052043372,0.004640933303871295,0.06677074612499725,0.06678277715391855,0.18153350669957874,0.004640779057753178
12.0703125,False,False,True,False,False,False,False,False,0.006433948524864517,0.0008704367925053045,0.683881937346941,0.0023693192765675444,0.0008704065765253598,0.2515783531314494,0.04756401066992655,0.006431587681220209
12.109375,False,False,False,False,True,False,False,False,0.03402011197502203,0.0003207127398525833,0.017532193638122105,0.0023698073453788976,0.6849649655216932,0.2519798387031083,0.006442262439818734,0.0023701076370042226
12.1484375,True,False,False,False,False,False,False,False,0.8107593214152391,0.0003796093415138131,0.1097217259051443,0.007627482888192101,0.007624818133575964,0.0403543471429949,0.002804912655135942,0.020727782518203782
12.1875,True,False,False,False,False,False,False,False,0.3603831556785193,0.0012468637829659642,0.3603911125272117,0.1325473424731805,0.0033893019182413995,0.009214080900742752,0.13236946145927356,0.0004586812598648164
12.2265625,True,False,False,False,False,False,False,False,0.3572329356304946,0.00045467931055834595,0.3572399040988943,0.0033596109738275037,0.1314190841458392,0.13141926345982116,0.017638618288994035,0.0012359040915710514
12.265625,False,False,True,False,False,False,False,False,0.0952637783255021,0.0008959018843853134,0.7039298048984689,0.002435315876570029,0.09526213569777203,0.09526308427028465,0.006620400789533068,0.00032957825748392857
12.3046875,False,False,True,False,False,False,False,False,0.057115826197622246,0.001460141555942542,0.4220451924618272,0.05669037166028261,0.029331123369560133,0.010790015859412272,0.42203019389768104,0.0005371349976720724
12.34375,True,False,False,False,False,False,False,False,0.3945029908264959,0.0013649038977491662,0.053388584197947786,0.0037101793702707447,0.14512519632492973,0.3944874890498153,0.003710278123677845,0.0037103782091134616
12.3828125,False,False,False,False,False,True,False,False,0.095607415021548,0.0008991559358660102,0.095611028292666,0.0008991409686879779,0.0956114801659078,0.7064835013117319,0.00244413899733709,0.0024441393062552773
12.421875,True,False,False,False,False,False,False,False,0.392919466861788,0.0013593218986483468,0.05317283579900031,0.0036950278887272064,0.14454361233028265,0.39290612916132023,0.010044291128317825,0.0013593149319154245
12.4609375,True,False,False,False,False,False,False,False,0.3945001427639528,0.0037099919446614703,0.053389417894498234,0.0037099440671445527,0.14512615944601487,0.39448969118365956,0.001364784781881631,0.003709867918186963
12.5,False,False,True,False,False,False,False,False,0.1818764349838502,0.0017103802116982256,0.4943878874684037,0.004649269260319411,0.06690748501779664,0.06690531303104832,0.18185286628293415,0.0017103637439494844
12.5390625,False,False,False,False,False,False,True,False,0.0026171909697512313,0.013844232725500895,0.019341395917216928,0.002617518022587384,0.10235906862550881,0.10237975171427637,0.7564866556400497,0.0003541863851087489
12.578125,True,False,False,False,False,False,False,False,0.2383774724258167,0.006095219102166948,0.23821082818663383,0.03225896253953904,0.2383617183233108,0.006094560216891511,0.0022421501467113822,0.23835908905892977
12.6171875,False,False,False,False,True,False,False,False,0.10396013108809064,0.0009779998234748114,0.007226554201283581,0.007228262512766046,0.7684170058448924,0.10398429510320496,0.0072275772365834046,0.0009781741897041797
12.65625,False,False,True,False,False,False,False,False,0.003793914015647626,0.0013957793462251458,0.40335049303931847,0.01031151018744839,0.14838226619465603,0.4033393568303886,0.02803124151474994,0.0013954388715658184
12.6953125,False,False,True,False,False,False,False,False,0.17220298292104688,0.17227637963658723,0.4683866043822621,0.004404952913043965,0.0016204728593665811,0.0044051195030309276,0.0044058098896663615,0.17229767789499598
12.734375,False,False,False,False,True,False,False,False,0.23914205561186583,0.00030435837097370506,0.01189747571098694,0.002248917650107605,0.6500691568923869,0.08797573233859686,0.006113374669350404,0.0022489287557319227
12.7734375,True,False,False,False,False,False,False,False,0.6928570738232506,0.0008818204268226114,0.01771166721788382,0.0008817826185391082,0.254887495741228,0.017724817235272364,0.01265834505884808,0.002396997878155665
12.8125,True,False,False,False,False,False,False,False,0.6255751609049894,0.005883484727465632,0.23013140781860011,0.015992016981778347,0.005883062618645081,0.015993169668419828,0.015991687628490268,0.08455000965161136
12.8515625,True,False,False,False,False,False,False,False,0.39233901910467667,0.003689610201650088,0.3923414412902466,0.0004993195327222541,0.05309520026172113,0.14431606817070566,0.010029506645954965,0.0036898347923227815
12.890625,True,False,False,False,False,False,False,False,0.3163506170159788,0.0010944660177973772,0.3163492855370253,0.001094455201311749,0.002975408477097898,0.002975053079048113,0.3163491977287657,0.04281151694297507
12.9296875,False,False,False,False,False,False,True,False,0.23857477164835134,0.0008253666255485008,0.006098977311151496,0.0008253572476658033,0.016578437067327787,0.0008253631209703061,0.648519689791047,0.08775203718793761
12.96875,False,False,False,False,False,False,False,True,0.10315743198768729,0.10315210135620012,0.00716972036220596,0.000356907604365457,0.013949022108740208,0.002637239891427408,0.00728491940348853,0.7622926572858849
13.0078125,True,False,False,False,False,False,False,False,0.7951436983663418,0.00037229762150206385,0.0074779598588567255,0.007480543399742369,0.03958246939981884,0.10760750696615545,0.002751073655146672,0.03958445073243618
13.046875,False,False,False,False,False,False,False,True,0.10137356822766765,0.0009537379230857687,0.10141173263610044,0.01915756482367357,0.013723959085020443,0.0137080891291597,0.0003508365409584863,0.749320511634334
13.0859375,False,False,False,False,False,True,False,False,0.17147782147018945,0.011916252384557185,0.17145338052469866,0.0016126401305131247,0.17147880569525714,0.46606463685251215,0.001612603862254609,0.004383859080017684
13.125,True,False,False,False,False,False,False,False,0.32307850698900903,0.0011177517790042415,0.022452109331786294,0.0011177142096285679,0.3230830753186414,0.32307421076717163,0.0030382734584511843,0.003038358146307612
13.1640625,False,False,True,False,False,False,False,False,0.0691573579642291,0.03551520419848026,0.5110139485080967,0.0017678960721939233,0.18799171809931234,0.18798031078510472,0.001767876686374505,0.004805687686208611
13.203125,True,False,False,False,False,False,False,False,0.2421370126315577,0.006189966177179038,0.24214021667928473,0.016826504437630275,0.2421297887616641,0.24210962986062157,0.0022770924373993234,0.006189789014663307
13.2421875,True,False,False,False,False,False,False,False,0.3603018690070748,0.0004585500712449411,0.13254772416384816,0.0012464628959154135,0.13254767453180952,0.36029921796551934,0.009210231331767326,0.003388270032820463
13.28125,False,False,True,False,False,False,False,False,0.18799266726004835,0.0017678782502344402,0.5110177659828649,0.004805664626289025,0.18798278013829356,0.06915502826115683,0.03551036240695167,0.0017678530741613524
13.3203125,False,False,True,False,False,False,False,False,0.18800298149061592,0.0017679975526003423,0.5110446007902588,0.004805858249918284,0.18798736034485983,0.06911158294740409,0.035511626684450126,0.0017679919398926821
13.359375,False,False,True,False,False,False,False,False,0.13254993972946624,0.00045856180601717544,0.3603097753851692,0.0012464902678633448,0.1325501765305301,0.3602859950685532,0.00338838728911093,0.009210673923289895
13.3984375,False,False,True,False,False,False,False,False,0.13273253593808657,0.0012482455793098519,0.36080676856297667,0.0012482254741689233,0.3608045568961939,0.13268800532422587,0.009223428063135697,0.0012482341619024797
13.4375,True,False,False,False,False,False,False,False,0.39293052336005624,0.0013594075081486572,0.3929269149404965,0.0036951809609696976,0.053167123226178184,0.010044734191626443,0.1445167421359294,0.0013593736765948495
13.4765625,False,False,True,False,False,False,False,False,0.10983826237321218,0.00038003197191767614,0.811629967655551,0.001032970384703592,0.014861912386222524,0.02074924624645234,0.020751425769721648,0.0207561832122191
13.515625,True,False,False,False,False,False,False,False,0.32459048369896604,0.0011231987442587934,0.32460644140371847,0.00041316380864485694,0.008300136520288097,0.008300935561295521,0.3243645048044973,0.008301135458330956
13.5546875,False,False,False,False,False,False,True,False,0.25374773024239733,0.00032298462694592905,0.006488154523528857,0.002386509664968966,0.006487936741022213,0.006487811519294167,0.6897440896642125,0.034334783017629815
13.59375,True,False,False,False,False,False,False,False,0.2763390724253597,0.2763782382935638,0.05234865471291343,0.007069341124506673,0.10171146384627565,0.2764830640500666,0.0026005162032604195,0.0070696493440537715
13.6328125,True,False,False,False,False,False,False,False,0.3603047038027222,0.00045860874962783815,0.009212955169588564,0.001246630098272592,0.36028654381525466,0.1325541616201632,0.0033887654773920263,0.13254763126697888
13.671875,False,False,True,False,False,False,False,False,0.25395409061031315,0.000878673797607269,0.6903421451699262,0.0008786036367253077,0.017765720849692614,0.017648984485614007,0.0008785984723733041,0.017653182977747994
13.7109375,True,False,False,False,False,False,False,False,0.6855373214889976,0.0023720660005545346,0.012554580117717476,0.006447418615169588,0.2521931906258436,0.03412567862509391,0.006448762755028469,0.00032098177159477833
13.75,True,False,False,False,False,False,False,False,0.653841437361121,0.00030614238847195764,0.006149117420077459,0.0022620922581875168,0.24054114739298543,0.08848875340478303,0.006149181921398536,0.0022621278529750943
13.7890625,False,False,True,False,False,False,False,False,0.1015912134833794,0.0009554813218778227,0.7507024570179796,0.002597153060713919,0.1015889758558742,0.03737037928965792,0.0025971174748726307,0.0025972224956447177
13.828125,True,False,False,False,False,False,False,False,0.322021660118461,0.0011142012255638525,0.3220214974088432,0.001114162103646391,0.321993593852987,0.02238775582468469,0.008232932389120672,0.001114197076693127
13.8671875,True,False,False,False,False,False,False,False,0.6544334244880768,0.000832931492032735,0.006156451951339146,0.0008329146413370619,0.24075772958746097,0.08856683405905219,0.006155613631923755,0.002264100148777323
13.90625,False,False,True,False,False,False,False,False,0.13321603664456272,0.001252878110265813,0.3621319176315256,0.0012528567018166988,0.36213071456641904,0.13320432179269814,0.003405608742617128,0.003405665810094756
13.9453125,True,False,False,False,False,False,False,False,0.3231270119207205,0.0030400068422262567,0.32312676889341513,0.003038922554358755,0.32296546510183244,0.0011179665996941066,0.022465918755590335,0.00111793933216249
13.984375,False,False,True,False,False,False,False,False,0.1681830299481613,0.0005818693706123663,0.457175437903604,0.0015816489242148576,0.168186140249535,0.16817553472447105,0.031816758415669506,0.004299580463731871
14.0234375,True,False,False,False,False,False,False,False,0.3603104718482385,0.00045860248815453953,0.13255081798882698,0.001246575572914357,0.36031573832688174,0.13251761015116806,0.003388653185607987,0.009211530438207759
14.0625,True,False,False,False,False,False,False,False,0.6522505360848293,0.002256718774095685,0.23994362228690375,0.0022566189346541862,0.011938095398020727,0.0022566310435387497,0.08826760607265577,0.0008301714053018019
14.1015625,True,False,False,False,False,False,False,False,0.46010099135108506,0.004327272805874377,0.16925784255632523,0.0005855912914820861,0.16925439006474763,0.1692536179576998,0.0043276366960108776,0.02289265727677494
14.140625,False,False,True,False,False,False,False,False,0.1386893768958205,0.0004799082720297715,0.3770350616286204,0.0013044637905424337,0.05102321768665363,0.37693258409789226,0.0035461483743213927,0.05098923925411962
14.1796875,True,False,False,False,False,False,False,False,0.7508403626505565,0.0009556728661595146,0.1016047576806455,0.0025977995599785974,0.0371940009491267,0.002597817089614714,0.10161175511096479,0.002597834092953683
14.21875,True,False,False,False,False,False,False,False,0.4459836829710098,0.031009311397260944,0.0041970277358626355,0.004195253247638218,0.004195063918938026,0.4459473752872168,0.004194977729203029,0.060277307712870654
14.2578125,False,False,True,False,False,False,False,False,0.03175038667191359,0.0008122448999128892,0.6379375502536141,0.0002987387330722597,0.002208045739710333,0.2346634354540503,0.006001282601050455,0.08632831564667605
14.296875,False,False,False,False,True,False,False,False,0.13321414547221097,0.0012529648693767113,0.003405848374398602,0.001252911784699268,0.3621296220107496,0.13321130910812456,0.36212734076804204,0.0034058576123982714
14.3359375,False,False,False,False,True,False,False,False,0.09839207481504937,0.03613284868863765,0.000340519073602076,0.0009256966109896533,0.7271070794629331,0.0983938937324398,0.0025172988009163045,0.03619058881543209
14.375,True,False,False,False,False,False,False,False,0.4608966021790266,0.02293608537305262,0.0015951016007321821,0.001595230099695816,0.16955266061880062,0.16951878763138303,0.004336854860025759,0.16956867763728337
14.4140625,False,False,False,False,True,False,False,False,0.16326833707471333,0.0015360737994101162,0.0005650347844942048,0.004175263358764728,0.4438777299495922,0.1632795480333364,0.060071092605773264,0.1632269203939159
14.453125,False,False,False,False,False,True,False,False,0.2457422526740148,0.0008502580619951214,0.03320544448817978,0.0023113637643847663,0.046723406674098876,0.6680056153981107,0.0008502897204274645,0.002311369218788529
14.4921875,False,False,True,False,False,False,False,False,0.14984192417137868,0.010416692319385055,0.4073272536084262,0.0005184057108509707,0.01041319993687517,0.003830747579405153,0.4072388972695185,0.010412879404160302
14.53125,True,False,False,False,False,False,False,False,0.8342853796903189,0.11264450553248662,0.0028884742108097427,0.015209258514820828,0.02134543306513726,0.007848455576907627,0.0028883576661853853,0.0028901357433336744
14.5703125,True,False,False,False,False,False,False,False,0.6831566791697226,0.0003198844818782686,0.03401135830600177,0.006426360002457112,0.25131853453412245,0.017472239983219576,0.006425406687517507,0.0008695368350808289
14.609375,False,False,False,False,True,False,False,False,0.039631250047565805,0.039611047844159857,0.10772994659614699,0.0010130858479155335,0.7960291272765492,0.0074859697129794215,0.00748648299965845,0.0010130896750248683
14.6484375,False,False,True,False,False,False,False,False,0.2399440531522703,0.006134408565523563,0.6522464939701695,0.0003053814440060879,0.08826962236821051,0.006133865165808337,0.006136053398998402,0.0008301219350132711
14.6875,False,False,True,False,False,False,False,False,0.23467791159629522,0.0002986962739851653,0.6379329866746143,0.005999503989598998,0.08632476197663165,0.0022073533216026564,0.031746877478046186,0.0008119086892259589
14.7265625,False,False,True,False,False,False,False,False,0.05337347203991421,0.003710829060684383,0.3945027085121052,0.003710227560415864,0.1451269205996896,0.0037102309503260814,0.39450075225755116,0.0013648590193135056
14.765625,False,False,True,False,False,False,False,False,0.23855606575584415,0.0003036775706689587,0.6485207439041961,0.006101132307817422,0.011862330271385774,0.0008254457693293321,0.08773034161651953,0.006100262804238732
14.8046875,False,False,True,False,False,False,False,False,0.248977318816442,0.0008614158737267784,0.6767989500027444,0.0063653351677396075,0.017302614639513793,0.0023418655946316385,0.04703561274540346,0.00031688715979835106
14.84375,False,False,True,False,False,False,False,False,0.08826187466121825,0.0061386029515631884,0.6522382583239754,0.006153576735194905,0.006134923215764877,0.0008302167669032821,0.23993715347125233,0.00030539387412770397
14.8828125,False,False,True,False,False,False,False,False,0.05967472381030201,0.002940176953700861,0.8495660870329085,0.042242720953250094,0.007992966332378214,0.0217311257717039,0.015454296831829653,0.00039790231392673975
14.921875,False,False,True,False,False,False,False,False,0.23835699082806303,0.0008248511161991527,0.6479330469198139,0.00609449971871232,0.016564709114976463,0.002241799842966819,0.08768072066225822,0.0003033817970100222
14.9609375,True,False,False,False,False,False,False,False,0.49099020490949696,0.1806054283176096,0.012558956881821607,0.06644732779484012,0.001699384886429754,0.18063727375518318,0.06643631129719559,0.0006251121574230677
