time_sec,pred_label,Amusement,Anger,Disgust,Fear,Inspiration,Joy,Sadness,Tenderness,prob_Amusement,prob_Anger,prob_Disgust,prob_Fear,prob_Inspiration,prob_Joy,prob_Sadness,prob_Tenderness
0.0390625,Joy,False,False,False,False,False,True,False,False,0.005617960746148856,0.015484752738264277,0.01535113979748252,0.0020659377147042887,0.11602270277397864,0.5966493173577684,0.2191364794943571,0.029671709377295814
0.078125,Anger,False,True,False,False,False,False,False,False,0.000828746044731758,0.6505929243230352,0.006307831482573263,0.011902473249679364,0.2392732600325869,0.08801369731609351,0.0008285200378699019,0.0022525475134302464
0.1171875,Amusement,True,False,False,False,False,False,False,False,0.6106300305501016,0.04298517150751247,0.08248873462958337,0.0057512824211615856,0.22466829652238798,0.015719991484952296,0.015641139894676328,0.002115352989624348
0.15625,Disgust,False,False,True,False,False,False,False,False,0.0555556202258444,0.0014319188165245733,0.4130574209356954,0.0014305330047711977,0.412969208676611,0.055864935033531134,0.003889308885149367,0.055801054421872914
0.1953125,Disgust,False,False,True,False,False,False,False,False,0.1812394811589867,0.06691887107778302,0.4947307847254333,0.0017156790071404862,0.18206893384321876,0.06694393587337376,0.0017150189892600968,0.004667295324803937
0.234375,Amusement,True,False,False,False,False,False,False,False,0.44940550156389913,0.011512804219109283,0.060748060953924064,0.004231817698682866,0.449525256143733,0.011509951518500955,0.0115103847354769,0.001556223166673759
0.2734375,Amusement,True,False,False,False,False,False,False,False,0.647868191363735,0.002247098417996851,0.08763919175745495,0.0008252239000739408,0.23838818470520914,0.016613215810124093,0.0061153469277364925,0.00030354711766956814
0.3125,Amusement,True,False,False,False,False,False,False,False,0.4439002257867833,0.004180516475722797,0.059977438851194574,0.004181650678247719,0.4439739231802429,0.03089165151444822,0.011357966559287575,0.0015366269540729018
0.3515625,Inspiration,False,False,False,False,True,False,False,False,0.08772760272386608,0.0008267388196809576,0.23847909652279986,0.0008259782557066788,0.6486089690921127,0.016596982243029103,0.006108847169069649,0.0008257851737350385
0.390625,Amusement,True,False,False,False,False,False,False,False,0.6864806342663232,0.0064830316453652285,0.01113372037583712,0.006463396910469342,0.252583794190005,0.0023769098608791084,0.034156806957174636,0.0003217057939465023
0.4296875,Amusement,True,False,False,False,False,False,False,False,0.6508145109156038,0.0008319851405000059,0.011882116785860241,0.002256373072475017,0.23929231235746456,0.006131404018251585,0.08796164229702064,0.0008296554128240744
0.46875,Amusement,True,False,False,False,False,False,False,False,0.684039803658179,0.2507843007516329,0.012428559783491203,0.006467829129374505,0.0008734904830641435,0.01781333005937991,0.027271669379007806,0.00032101675587044754
0.5078125,Amusement,True,False,False,False,False,False,False,False,0.6759743484756058,0.00031724978282811247,0.006399057297393091,0.01735831871514267,0.0023440681363386677,0.24871765697966505,0.04802767651629233,0.0008616240967343509
0.546875,Amusement,True,False,False,False,False,False,False,False,0.8015587485020262,0.0010225270651596664,0.03985043332560219,0.007569867363926632,0.020573425574877627,0.10845781670856595,0.020591448245319968,0.00037573321452166915
0.5859375,Amusement,True,False,False,False,False,False,False,False,0.39903476828909756,0.003817929160282284,0.3991524725039271,0.003764633862805359,0.027939487554328242,0.14607837975950105,0.019703364922859387,0.0005089639471990111
0.625,Amusement,True,False,False,False,False,False,False,False,0.36089426790783985,0.001251931612456585,0.13266659047136098,0.0012512071607529633,0.009271505649335942,0.3606706418899643,0.13274281649190506,0.0012510388163843639
0.6640625,Amusement,True,False,False,False,False,False,False,False,0.6521970659198169,0.0008319427633614184,0.08823570495413004,0.006145318444565469,0.0061479485204605725,0.006230179846325395,0.2399060583596159,0.00030578119172447357
0.703125,Amusement,True,False,False,False,False,False,False,False,0.7488320394007109,0.0009556886940926015,0.10119471802802232,0.0009557611153625473,0.0025960747325148477,0.10123673650259277,0.037163345189351625,0.007065636337352404
0.7421875,Amusement,True,False,False,False,False,False,False,False,0.656054789118405,0.0008376736990438663,0.08874979999025658,0.0022747831143202766,0.0022747184459574873,0.006188618173710896,0.24134093926387273,0.002278678194433139
0.78125,Amusement,True,False,False,False,False,False,False,False,0.6502917620847548,0.0003050624013774557,0.08771834536665105,0.006135149782084968,0.0022529823262529233,0.01189919367110453,0.2391417304186675,0.0022557739491067524
0.8203125,Amusement,True,False,False,False,False,False,False,False,0.7901946951721222,0.0010068045073748934,0.10685405498979489,0.03863119817910426,0.0010064375577726553,0.020282072268851734,0.03928099833076326,0.002743738994216301
0.859375,Amusement,True,False,False,False,False,False,False,False,0.38999727803186834,0.0036743529674666113,0.3898610434630887,0.05271061166147109,0.0013506869239732265,0.0013511927779648661,0.019343787290521837,0.14171104688364541
0.8984375,Amusement,True,False,False,False,False,False,False,False,0.6940652396450884,0.0024040589757465584,0.25533266532577786,0.0024035915491889,0.006534282964877218,0.034450897067311,0.0024049322886623994,0.0024043321833476187
0.9375,Amusement,True,False,False,False,False,False,False,False,0.6538695248105956,0.0003062785693481976,0.24053876277025235,0.002262801661123531,0.006167695195801739,0.08843552571049162,0.006156166534409629,0.0022632447479773335
0.9765625,Amusement,True,False,False,False,False,False,False,False,0.6880014693168629,0.0008758997998237643,0.253094928075084,0.0023806699704953687,0.034226394434083006,0.012567767120794094,0.006472171540683167,0.002380699742173784
1.015625,Amusement,True,False,False,False,False,False,False,False,0.6506658721126102,0.0022519342925294756,0.08805585393946934,0.0008283147507344698,0.2393353231252344,0.011913372683242045,0.0061209978171887875,0.0008283312789912707
1.0546875,Amusement,True,False,False,False,False,False,False,False,0.3929505223311976,0.0036979454975912362,0.05317749799345117,0.001360011714337231,0.39285834657037844,0.14454544829853452,0.010050125726751602,0.0013601018677582098
1.09375,Amusement,True,False,False,False,False,False,False,False,0.3887803193132433,0.0004955132243569886,0.3888004974017064,0.0036618304571487017,0.14293671132195795,0.052579308422330384,0.003660880153773232,0.01908493970548292
1.1328125,Joy,False,False,False,False,False,True,False,False,0.16340308614237906,0.001541363576393891,0.059876979681418106,0.0015412390255804345,0.16364066306012381,0.44487131387486417,0.0015413007829170216,0.1635840538563235
1.171875,Joy,False,False,False,False,False,True,False,False,0.005076054870899722,0.01939181105253764,0.013419231697746026,0.0026178415591069063,0.1019885242286356,0.7549727180778926,0.000354062247429994,0.1021797562657515
1.2109375,Joy,False,False,False,False,False,True,False,False,0.13219392446396072,0.0012497418318428552,0.009308297931163213,0.0004597414418555075,0.13246133952136227,0.3604714290293137,0.0033977020888003094,0.3604578236917015
1.25,Tenderness,False,False,False,False,False,False,False,True,0.238868143302839,0.00030460574498007633,0.002251808507346402,0.0022505817521116345,0.08788704619930292,0.016798234657449295,0.002249921631088662,0.6493896582048819
1.2890625,Amusement,True,False,False,False,False,False,False,False,0.31640007284252736,0.002977767313345133,0.316280529200962,0.001095073403865851,0.31641393769678794,0.0427588516654545,0.0010953167213581336,0.0029784511556991233
1.328125,Inspiration,False,False,False,False,True,False,False,False,0.10084413704850317,0.002581625915916789,0.10079965931459724,0.0009489735291739515,0.7452956329766062,0.03665829598136356,0.0119225939436488,0.0009490812901901856
1.3671875,Amusement,True,False,False,False,False,False,False,False,0.5172083511195663,0.1901218558567419,0.013300200122281272,0.004882056031554828,0.07004102046478232,0.19050529514819647,0.013280647304493428,0.0006605739523834913
1.40625,Inspiration,False,False,False,False,True,False,False,False,0.05232852057147594,0.01919562044645843,0.14222180018667904,0.0013419432803397525,0.38717711782717545,0.3873238985321014,0.00991733482813955,0.0004937643276305043
1.4453125,Amusement,True,False,False,False,False,False,False,False,0.27737118205789635,0.10192064058776279,0.2767261186454086,0.0071161356151522226,0.037468340608332665,0.27741524565011977,0.019365933834875556,0.00261640300045195
1.484375,Joy,False,False,False,False,False,True,False,False,0.19694918247113197,0.1966977473025086,0.013774774042726817,0.0006826619700961934,0.013728643447958313,0.5354012972962533,0.03771726337923631,0.005048430090088472
1.5234375,Disgust,False,False,True,False,False,False,False,False,0.14319655740662546,0.019237234949568673,0.38922495662795703,0.00367444641008272,0.05245586901743293,0.3895088658047419,0.0013515864354406554,0.0013504833481505082
1.5625,Disgust,False,False,True,False,False,False,False,False,0.1880678234529639,0.025329661325703266,0.5108780467418723,0.004818326212844215,0.18800176816645037,0.06914974713184588,0.013103072242971227,0.0006515547253488218
1.6015625,Amusement,True,False,False,False,False,False,False,False,0.5288314089320173,0.02607840525428519,0.19443894890992972,0.004988494191644909,0.036938214755496655,0.1944928987681957,0.013557495419102991,0.0006741337693275483
1.640625,Amusement,True,False,False,False,False,False,False,False,0.5286255862719583,0.013857532803743643,0.19427543249121498,0.004991254537167468,0.19407338945375324,0.02624170744327952,0.037260891018931604,0.0006742059799511747
1.6796875,Amusement,True,False,False,False,False,False,False,False,0.6839280571726026,0.0023801381055430187,0.25111846552274586,0.0003207505797817146,0.01755915828732196,0.033993414050050394,0.004253036805611951,0.006446979476342495
1.71875,Amusement,True,False,False,False,False,False,False,False,0.7626322853147917,0.0009735040930809857,0.10286329655008929,0.0026434147128880834,0.01958671918870099,0.10313040212251233,0.0071984378014485675,0.0009719402164879234
1.7578125,Amusement,True,False,False,False,False,False,False,False,0.638001740054826,0.00029950410981852284,0.03167832934485448,0.0008134375966332423,0.00601262404316042,0.23471047038788218,0.0862711137245977,0.002212780738227516
1.796875,Amusement,True,False,False,False,False,False,False,False,0.647970360000764,0.0008259830223637439,0.08757009156667477,0.002243851813331633,0.0061029367818545835,0.23836472351547527,0.016618380642979533,0.0003036726565564384
1.8359375,Amusement,True,False,False,False,False,False,False,False,0.6502043596978231,0.0022517433207782417,0.23918534188340068,0.0003045660172295585,0.08779543686379382,0.006127697404404301,0.011880290788893601,0.0022505640236766713
1.875,Amusement,True,False,False,False,False,False,False,False,0.6343937527333992,0.0008080294393753691,0.23335746075714586,0.00029714550394649875,0.08581060520319134,0.0315246135933159,0.011612833693513175,0.002195559076112655
1.9140625,Amusement,True,False,False,False,False,False,False,False,0.8143202572802443,0.00281962516336944,0.1101860756796396,0.0010368579184420453,0.020954902324707432,0.00766793631753883,0.04019584460658091,0.002818500709477425
1.953125,Sadness,False,False,False,False,False,False,True,False,0.24072294866471883,0.002268885355217887,0.08856489394917316,0.006161283328207387,0.006218602318289246,0.0008339559177070379,0.6543956289971175,0.0008338014695689293
1.9921875,Amusement,True,False,False,False,False,False,False,False,0.7389910438965946,0.0009432408578770435,0.09988613169175738,0.0009424218571197936,0.006967215722820809,0.051624890641905896,0.09970214010207389,0.0009429152298505444
2.03125,Sadness,False,False,False,False,False,False,True,False,0.17154478205370055,0.01207987744353209,0.17169238236586287,0.004398282646724401,0.0016185531705823143,0.1708237274021008,0.4662238608041989,0.001618534113297964
2.0703125,Sadness,False,False,False,False,False,False,True,False,0.03379742214586216,0.00031886954079197994,0.01767244275296057,0.2498262532520851,0.01185716133967951,0.006453014242942953,0.6792067282103778,0.0008681085152999082
2.109375,Fear,False,False,False,True,False,False,False,False,0.039969049671052456,0.0003780273878633609,0.014725893947147965,0.8049769601927949,0.020767009144254982,0.0027940657874149116,0.10865822598269591,0.007730767886775602
2.1484375,Disgust,False,False,True,False,False,False,False,False,0.11008125400805173,0.0028225835673036837,0.8142346529816701,0.020861302182322173,0.0028264474618415842,0.007671099256400376,0.0010393906735349833,0.040463269868875544
2.1875,Amusement,True,False,False,False,False,False,False,False,0.3869319134108977,0.0004941659431605411,0.3869121720655729,0.051513455609403444,0.0013433517006882845,0.0036505997527358685,0.02707370171107254,0.14208063980646882
2.2265625,Amusement,True,False,False,False,False,False,False,False,0.40263902235616533,0.000513121111165348,0.4024384327188122,0.0037937241841955213,0.0037960433065176926,0.028478553856603372,0.010308602610655809,0.14803249985588474
2.265625,Amusement,True,False,False,False,False,False,False,False,0.7478478021996335,0.0003505373120987107,0.10121340137487261,0.002589302188297033,0.10114718176226553,0.037208061897126,0.002589868088121415,0.007053845177585213
2.3046875,Amusement,True,False,False,False,False,False,False,False,0.7486345609619752,0.0009534834314892666,0.10129694970305969,0.002591322491611106,0.1012516055884666,0.03724512110836495,0.0009533201423776936,0.0070736365726554555
2.34375,Disgust,False,False,True,False,False,False,False,False,0.24809527660541858,0.0008588292184481164,0.674407256821513,0.0008585992558629619,0.033570079559390856,0.033528846671793275,0.006346767259500323,0.002334344608072641
2.3828125,Amusement,True,False,False,False,False,False,False,False,0.31635567742962106,0.0010952508520744634,0.31635852671746745,0.0029769111728784638,0.31632852056629074,0.042803569926204536,0.001095153195149547,0.002986390140313658
2.421875,Amusement,True,False,False,False,False,False,False,False,0.3163635110864527,0.0029777531911684765,0.31636106828801214,0.001095148861997842,0.316334043572944,0.04279394456275875,0.0010951418643346405,0.0029793885723312995
2.4609375,Disgust,False,False,True,False,False,False,False,False,0.22480575870604871,0.08203935040497531,0.6111008258972571,0.005756957873330851,0.04268591811186171,0.015759392998069985,0.002119572865425519,0.015732223143030823
2.5,Joy,False,False,False,False,False,True,False,False,0.10113674989765206,0.002595127265182198,0.03719954780357846,0.007050901504948218,0.10130706859958366,0.7488027555902375,0.0009537022683832214,0.0009541470704347771
2.5390625,Disgust,False,False,True,False,False,False,False,False,0.006567149062880676,0.006519001452272698,0.6896332467349069,0.0064967571855604166,0.2537315516513155,0.034339433987094825,0.00032335239453541595,0.0023895075314335763
2.578125,Anger,False,True,False,False,False,False,False,False,0.008095371224393447,0.3153813608520601,0.3146537215498322,0.002979567933171906,0.042105771132718094,0.3152862756652798,0.0010950060521183842,0.00040292559042613723
2.6171875,Amusement,True,False,False,False,False,False,False,False,0.6401102543130854,0.0022183382272058477,0.03178690327850014,0.0008156711126317246,0.23548414858989178,0.002217971859561515,0.08655120438748504,0.0008155082316385039
2.65625,Inspiration,False,False,False,False,True,False,False,False,0.10131017947709921,0.002594229411243496,0.10129273938516559,0.0009535756202664152,0.7486874809448966,0.007055702755540322,0.03715256932147768,0.0009535230843107076
2.6953125,Inspiration,False,False,False,False,True,False,False,False,0.013732459189853444,0.01360847025562487,0.10285783587057563,0.0009696341458023773,0.7606387917212463,0.10291901026860067,0.002635599878274037,0.002638198670022772
2.734375,Amusement,True,False,False,False,False,False,False,False,0.638499582783333,0.0008132425116353396,0.0863925702078574,0.0008129257385678896,0.2349077295935021,0.031749755482124456,0.006011287412387932,0.0008129062705918513
2.7734375,Amusement,True,False,False,False,False,False,False,False,0.6389365398858877,0.0008135762009161137,0.08645396711012356,0.0008133499226023722,0.23505164705238707,0.031106848217688214,0.006010749867152122,0.000813321743242918
2.8125,Amusement,True,False,False,False,False,False,False,False,0.6485000923824125,0.0008257150555521233,0.08775486424812712,0.0008254855448960451,0.23856792179880248,0.016592589190183863,0.00610785533105609,0.0008254764489697464
2.8515625,Amusement,True,False,False,False,False,False,False,False,0.6379383929979778,0.0022092995762954953,0.08632778035559857,0.0008121277497007953,0.234688782148888,0.006004536229303582,0.03172032471732781,0.00029875622490779693
2.890625,Amusement,True,False,False,False,False,False,False,False,0.6849043875771045,0.0023902527076898115,0.03400484753078266,0.0023727281688064113,0.25200573209368865,0.017539412924173884,0.006461721403219146,0.0003209175945349235
2.9296875,Amusement,True,False,False,False,False,False,False,False,0.6501343415371745,0.002259972972788663,0.011821144133587364,0.00617299044836899,0.23922959219735915,0.0022550574619964073,0.0878219908013573,0.00030491044736742954
2.96875,Amusement,True,False,False,False,False,False,False,False,0.7871941213830611,0.0010067653699629637,0.03888981083139841,0.007420075019321941,0.10621878840536976,0.02019998839127388,0.03870143815591576,0.0003690124436961822
3.0078125,Amusement,True,False,False,False,False,False,False,False,0.6385682015066368,0.0008141782860493803,0.08636757016848454,0.0008137113257456402,0.006015343555414855,0.23491509303878186,0.03169217041155204,0.0008137317073348463
3.046875,Amusement,True,False,False,False,False,False,False,False,0.6382535507728376,0.0022129508891930187,0.08621084594481894,0.0002991893575506235,0.00601813824644224,0.23477167486151193,0.031420006212920265,0.000813643714725503
3.0859375,Amusement,True,False,False,False,False,False,False,False,0.6740275930463473,0.0003162676115719065,0.033328220668286807,0.0023379797768143004,0.006353712450129923,0.03347246857119356,0.24782656997339622,0.002337187902260009
3.125,Amusement,True,False,False,False,False,False,False,False,0.757092836097284,0.002631719341556297,0.01324619159515844,0.019439087656412123,0.0026250556277126317,0.10230789230733116,0.10230212973453104,0.0003550876400144606
3.1640625,Amusement,True,False,False,False,False,False,False,False,0.3962921738799203,0.0005054337126557209,0.3958359901282721,0.0013745975156152777,0.030398596950781894,0.14575142808954988,0.01968212910845919,0.01015965061474575
3.203125,Joy,False,False,False,False,False,True,False,False,0.10223452350626357,0.0026236196295101326,0.0003548736126803387,0.002623970592884936,0.10234434387781624,0.7566339262163864,0.013779397895492797,0.019405344668965544
3.2421875,Amusement,True,False,False,False,False,False,False,False,0.6521946322273812,0.00030597017294281255,0.08817566104789555,0.0008314170699503614,0.23999363252509232,0.006160306803416073,0.006184856023899686,0.006153524129422188
3.28125,Amusement,True,False,False,False,False,False,False,False,0.6380060479184753,0.00029913787290843796,0.08461767561768725,0.0008132582307182189,0.23454351806776383,0.004125309305419494,0.006018246717059163,0.03157680626996834
3.3203125,Joy,False,False,False,False,False,True,False,False,0.14303774659352672,0.0004955573069482244,0.003662693391705296,0.05236135815652457,0.019299417053626554,0.3887866354498366,0.38869070485147766,0.003665887196354361
3.359375,Disgust,False,False,True,False,False,False,False,False,0.19077963423325348,0.004933538604731096,0.5232110768051329,0.19213938186198837,0.00181578437875826,0.013426447364898337,0.004951208524448719,0.0687429282267888
3.3984375,Amusement,True,False,False,False,False,False,False,False,0.4364845294313098,0.0005566823584719913,0.43658943326013344,0.011218263975157622,0.011205273577107398,0.08476338944308691,0.011218366092453675,0.007964061862279222
3.4375,Amusement,True,False,False,False,False,False,False,False,0.8153034131624582,0.0010388951355753322,0.1101965839241285,0.0077052459260323145,0.007678566091093972,0.0405315493013368,0.0028245217078526506,0.014721224751522172
3.4765625,Amusement,True,False,False,False,False,False,False,False,0.7039655008921439,0.0024377469944223515,0.25896908336167485,0.0024370944753588477,0.0066399174481628674,0.01802592509088398,0.0008966282878949694,0.006628103449458336
3.515625,Amusement,True,False,False,False,False,False,False,False,0.3923770880045813,0.0004998038886153876,0.3923626075212575,0.0036924407913989247,0.1442583031258176,0.05305206527345028,0.003692679300944484,0.010065012093934582
3.5546875,Disgust,False,False,True,False,False,False,False,False,0.23999633257901828,0.0022585730346466283,0.6523815575398894,0.002257893519608441,0.08827266036973429,0.011743865634228095,0.0022583472348406625,0.0008307700880341085
3.59375,Disgust,False,False,True,False,False,False,False,False,0.2530648970463656,0.0008763309129590668,0.6880136780758106,0.0023816769538098858,0.03424066357852811,0.012554218050036174,0.002382131263935063,0.006486404118555539
3.6328125,Joy,False,False,False,False,False,True,False,False,0.16841703798075033,0.0005874080502403391,0.16936928976603266,0.0043399656971419495,0.16937599479499743,0.4606923119374329,0.004339951779502616,0.02287803999390188
3.671875,Tenderness,False,False,False,False,False,False,False,True,0.08619992149541504,0.00029913204038840076,0.0060361988986723835,0.0008131654673794663,0.23465867072629837,0.03174290456117207,0.0022099009172955636,0.6380401058933788
3.7109375,Amusement,True,False,False,False,False,False,False,False,0.3923377635720237,0.0004997440676517905,0.3923460767383383,0.003691950595179684,0.14430958332168087,0.05307807782022161,0.003692777490846776,0.010044026394057272
3.75,Amusement,True,False,False,False,False,False,False,False,0.3153640397295783,0.0010915568549235012,0.3152789831714311,0.0010914233052274434,0.3153596999274605,0.04265691509134202,0.008065770347560298,0.0010916115724768504
3.7890625,Inspiration,False,False,False,False,True,False,False,False,0.1880016763938665,0.035550310116993875,0.18797669043714182,0.0017686622269513941,0.5110896619235452,0.0690345243396133,0.004809596415595961,0.0017688781462919198
3.828125,Amusement,True,False,False,False,False,False,False,False,0.39444544856157826,0.0037210084498817096,0.14505488605669362,0.00371618015530522,0.394662531641629,0.053314889224234864,0.0013667810425854665,0.003718274868091785
3.8671875,Inspiration,False,False,False,False,True,False,False,False,0.14899062444196015,0.01040319693539282,0.02008145112479353,0.0038211092067428963,0.4057192913996462,0.40575417332431596,0.0014052683221779324,0.0038248852449705886
3.90625,Amusement,True,False,False,False,False,False,False,False,0.39291240452525156,0.010068192407653756,0.14446610140135743,0.001360386813929108,0.3929819194809663,0.05315231133371393,0.003698055882942801,0.0013606281541851692
3.9453125,Amusement,True,False,False,False,False,False,False,False,0.39292304552668766,0.003698767714859094,0.14454227977190678,0.001360221289369952,0.3928958301645663,0.05316828278775651,0.010051255407240393,0.0013603173376133466
3.984375,Amusement,True,False,False,False,False,False,False,False,0.3929369062473463,0.00369781041418219,0.14449551953002687,0.0013600546316252932,0.3929645621242297,0.05313200334825389,0.010053279937054774,0.0013598637672809393
4.0234375,Inspiration,False,False,False,False,True,False,False,False,0.2347216751913298,0.002212089482911411,0.08633765364326121,0.0008125197335741899,0.6381303475648022,0.03139563964010936,0.006091185962969451,0.000298888781042456
4.0625,Amusement,True,False,False,False,False,False,False,False,0.39083995520948855,0.010021233396991316,0.3907549392013903,0.0004980149007525354,0.14366646026962027,0.05286405758887391,0.01000185847347179,0.001353480959411303
4.1015625,Anger,False,True,False,False,False,False,False,False,0.14235348273337306,0.38689008943329967,0.3870684812847404,0.0004931868224978367,0.052370107302103994,0.019122364804516227,0.010361907835309141,0.0013403797841595975
4.140625,Amusement,True,False,False,False,False,False,False,False,0.6706542766188328,0.012225209815114477,0.03325382216209865,0.0008556140332893158,0.24665504149768658,0.03317310311542019,0.0023280240584210546,0.000854908699136791
4.1796875,Amusement,True,False,False,False,False,False,False,False,0.745816379580047,0.007103519314657168,0.1008816861759469,0.0003495454838824569,0.10082691385847385,0.007024260869506944,0.03704758887973786,0.0009501058377479468
4.21875,Amusement,True,False,False,False,False,False,False,False,0.7400990686560401,0.019018626898515637,0.036822212737961386,0.0003468567897475067,0.10011454020854871,0.002563754881017032,0.10009213363561927,0.0009428061925502053
4.2578125,Amusement,True,False,False,False,False,False,False,False,0.6744379413757509,0.00031659521072722395,0.04807094223964351,0.0008596492279786323,0.017296390493569475,0.24816849430875626,0.0044906982551684545,0.006359288888405659
4.296875,Amusement,True,False,False,False,False,False,False,False,0.6380435625542115,0.0002991901683136266,0.08630939619371272,0.0008129255695766707,0.006009468805508908,0.23471517360570807,0.031600104395897916,0.002210178707070581
4.3359375,Amusement,True,False,False,False,False,False,False,False,0.6381921598700823,0.00029902544414366484,0.2347237906496112,0.000812691629297351,0.006010297919835856,0.08607154577680382,0.031681223485831855,0.002209265224394027
4.375,Amusement,True,False,False,False,False,False,False,False,0.3153775171506669,0.001092803555497986,0.3152713641908687,0.0010922885823265954,0.008072622872930733,0.3153815673405777,0.04261915076695285,0.0010926855401784564
4.4140625,Amusement,True,False,False,False,False,False,False,False,0.3867548295176281,0.0013403600516448686,0.07445217988336428,0.0013406146999282585,0.003644190366316666,0.38666844411696216,0.14215405581316617,0.00364532555098971
4.453125,Joy,False,False,False,False,False,True,False,False,0.23828819143671012,0.00030379797207361715,0.0061755546295550615,0.016750776355143437,0.0022448563345426613,0.6478514102155525,0.08755929591802157,0.0008261171384009586
4.4921875,Amusement,True,False,False,False,False,False,False,False,0.7625005545914869,0.0009717560130984855,0.05580407378814604,0.0009719885728990485,0.10316122083215165,0.037880218206724194,0.037738337028788045,0.0009718509667056152
4.53125,Amusement,True,False,False,False,False,False,False,False,0.6509677038511088,0.00030535990425584696,0.010483454208098849,0.0022581935281138932,0.08813725929646778,0.006154664543224407,0.2394356679219812,0.0022576967467491803
4.5703125,Sadness,False,False,False,False,False,False,True,False,0.01752073671807874,0.0003196140521471571,0.0023618391313972188,0.011882722361405577,0.2505158029648268,0.03378697769584964,0.681249045391073,0.0023632616852218282
4.609375,Amusement,True,False,False,False,False,False,False,False,0.6544954294934745,0.0008333297587851041,0.08857153979159907,0.0022650196546108617,0.24068182036639704,0.0061594322049621664,0.006160088239647077,0.0008333404905241108
4.6484375,Amusement,True,False,False,False,False,False,False,False,0.6544487327951983,0.0022644657717674982,0.08856778101256282,0.0008329991754197013,0.2407387589891211,0.006157243795687536,0.006156991241618192,0.0008330272186248648
4.6875,Amusement,True,False,False,False,False,False,False,False,0.654450764964018,0.0022645373340024577,0.24075429427769496,0.0008329883988230452,0.08854727197185436,0.006158054518273588,0.006159087752892905,0.0008330007824407001
4.7265625,Amusement,True,False,False,False,False,False,False,False,0.6544737868420993,0.0008331616011617917,0.240759232947831,0.002264592100186001,0.08851813365585778,0.006159807297601779,0.006158150979078208,0.0008331345761840446
4.765625,Amusement,True,False,False,False,False,False,False,False,0.706071898251845,0.0003307882126159855,0.09554890710347717,0.0024439445811358603,0.09519836702824475,0.09551789833863002,0.002444059187336969,0.00244413729671431
4.8046875,Amusement,True,False,False,False,False,False,False,False,0.42540162952651195,0.010892746177389136,0.05753572109896644,0.0014735462267685714,0.057507555836830544,0.4254196336996644,0.0014734572228464495,0.020295710211022524
4.84375,Amusement,True,False,False,False,False,False,False,False,0.2404991629719443,0.01674942556150003,0.24041878609231715,0.002266742235242298,0.24035384760481543,0.016907353345699698,0.0022664584054053697,0.24053822378307577
4.8828125,Inspiration,False,False,False,False,True,False,False,False,0.006555762192746294,0.0008606474950586672,0.03197455013592966,0.0003164084332259994,0.6743926667314653,0.03204753078535126,0.006361746005439682,0.24749068822078327
4.921875,Tenderness,False,False,False,False,False,False,False,True,0.08829860160821851,0.0062011129725247135,0.0022759582997730014,0.0008398607310397332,0.24142205551654483,0.0022794447320835256,0.0022829884255511695,0.6563999777142646
4.9609375,Amusement,True,False,False,False,False,False,False,False,0.24011200357381654,0.0022778674514118717,0.0022775976254520423,0.016957066513114905,0.2411498829480003,0.016982958455208124,0.2406509674884441,0.239591655944552
5.0,Inspiration,False,False,False,False,True,False,False,False,0.0008343516031362191,0.006183648739738979,0.08817455136154155,0.12511440098205265,0.6539411164785413,0.04558297581283381,0.04827239010618802,0.031896564915967554
5.0390625,Anger,False,True,False,False,False,False,False,False,0.18820429473426478,0.5110153796805454,0.0048354789036788,0.013172145835208818,0.06925690400718797,0.0006535082508409266,0.18808164548009182,0.02478064310818149
5.078125,Amusement,True,False,False,False,False,False,False,False,0.3244754992257931,0.00831724328493365,0.3244694031728513,0.00041343618954697023,0.3245623880577015,0.008306348966796882,0.008331646330562121,0.001124034771814491
5.1171875,Inspiration,False,False,False,False,True,False,False,False,0.08565944100822849,0.0008171431846630264,0.235076967929011,0.0002999880749279134,0.6397193486975029,0.03013275634986477,0.002218711645184701,0.0060756431106171885
5.15625,Disgust,False,False,True,False,False,False,False,False,0.006025786892396861,0.03150946320629884,0.6381093327761506,0.0008148607398229863,0.2348120435225024,0.08620714466227582,0.0002995461201991511,0.00222182208035348
5.1953125,Anger,False,True,False,False,False,False,False,False,0.25105906755596535,0.6827826233058313,0.006499356151089193,0.006459817024379702,0.033955053284403985,0.0003207922233554826,0.018051432321260715,0.0008718581337140778
5.234375,Amusement,True,False,False,False,False,False,False,False,0.638110401276236,0.23442489663469335,0.0024876543536490256,0.03168930964193556,0.08607739400631212,0.0002994134696286575,0.006096690795538131,0.0008142398220071377
5.2734375,Amusement,True,False,False,False,False,False,False,False,0.324569077492467,0.008330886850593033,0.32452342569495185,0.001125279263247521,0.32438052828090175,0.008315601773811904,0.008341581555462413,0.00041361908856456974
5.3125,Amusement,True,False,False,False,False,False,False,False,0.6855670910933893,0.002373357641467611,0.034124983560326796,0.0008729209520978894,0.2521643081664507,0.006453059300068083,0.01757134931894575,0.0008729299672539132
5.3515625,Amusement,True,False,False,False,False,False,False,False,0.6745324823199156,0.002336099614488304,0.03355081629992599,0.0008591169337566352,0.24808063977433462,0.03342786467335064,0.006353923915254056,0.0008590564689741467
5.390625,Amusement,True,False,False,False,False,False,False,False,0.38845458456668314,0.13967489689846718,0.052409836017030365,0.009968627432265084,0.38838407411498427,0.01926646228315236,0.0004952807038328132,0.0013462379835847838
5.4296875,Amusement,True,False,False,False,False,False,False,False,0.6442416188993103,0.0008202440491076212,0.08717572100740792,0.000301677438476121,0.23697648774219363,0.016475932204417787,0.011779102691253748,0.0022292159678328643
5.46875,Amusement,True,False,False,False,False,False,False,False,0.6379269212206079,0.0008119667654412485,0.03175871532210253,0.00029868599779031573,0.2346767838937061,0.005999693979669843,0.08632019538119769,0.00220703743948433
5.5078125,Amusement,True,False,False,False,False,False,False,False,0.6447898974718885,0.0008206919957190984,0.08726027598376135,0.0008206400213142437,0.23720098311170884,0.016486456780453074,0.01180041814851935,0.000820636486635534
5.546875,Amusement,True,False,False,False,False,False,False,False,0.6447900800847826,0.0008207358352707226,0.08726100004125563,0.0008206569829288182,0.23720099714468876,0.016485091717202246,0.011800788766178164,0.0008206494276929656
5.5859375,Amusement,True,False,False,False,False,False,False,False,0.650661555025938,0.0022516903737046174,0.08805450594831124,0.0008281974829465247,0.2393505610920202,0.0061210526304784855,0.011904252664931206,0.0008281847816697006
5.625,Amusement,True,False,False,False,False,False,False,False,0.644214568397984,0.00030177639436407917,0.23698179376024206,0.0022294634871350295,0.08717057461481945,0.016486818353924727,0.011794919981390555,0.0008200850101400651
5.6640625,Amusement,True,False,False,False,False,False,False,False,0.704075940022843,0.0003300927379814343,0.09521422696720207,0.0008968880871669865,0.0024401832171285416,0.09524477676836983,0.0951698904058032,0.006628001793504936
5.703125,Amusement,True,False,False,False,False,False,False,False,0.6479000452062401,0.0003037729556363194,0.016606131210557627,0.006118181509648378,0.0008256939540194816,0.2383523685104578,0.08764772145604843,0.00224608519739185
5.7421875,Amusement,True,False,False,False,False,False,False,False,0.6784124610848912,0.0003179393445281589,0.03362618325407498,0.0008645242426790536,0.01742747030275039,0.24955394379768472,0.01744702844176842,0.0023504495316230846
5.78125,Amusement,True,False,False,False,False,False,False,False,0.6970346680435968,0.00032678021515139907,0.017945309700912578,0.002415472035461534,0.0065676128086096025,0.01274435422480945,0.2563408417031215,0.006624961268337078
5.8203125,Amusement,True,False,False,False,False,False,False,False,0.3159999406934032,0.000402731580724623,0.0029774009534307895,0.002977867255479252,0.042611330916457385,0.31596520383636273,0.3160649673156021,0.003000557448539945
5.859375,Amusement,True,False,False,False,False,False,False,False,0.39235924872304184,0.0005003373149028816,0.010062265216334756,0.14424086072347123,0.05304694642166907,0.003696226165241298,0.3923965484144241,0.0036975670209148355
5.8984375,Inspiration,False,False,False,False,True,False,False,False,0.10826168114428884,0.00037561669968244176,0.0075514076288592,0.020886005007437206,0.8014289329337911,0.020694281109818784,0.03977960741825226,0.0010224680578700446
5.9375,Amusement,True,False,False,False,False,False,False,False,0.6883644417207284,0.0008774971792237527,0.2529367118353854,0.012489481693280752,0.002388812515249073,0.006503610901156926,0.0023859765840275014,0.034053467570948154
5.9765625,Disgust,False,False,True,False,False,False,False,False,0.10875400136507063,0.0003770174686811741,0.8040459945258484,0.002785126986725577,0.002788569114831807,0.02074928728324763,0.0206400642372568,0.039859939018338016
6.015625,Disgust,False,False,True,False,False,False,False,False,0.1967374446732207,0.0006831534851489473,0.5352796596248062,0.013907948531952721,0.013791521060411741,0.005063575120190833,0.03760113209714792,0.1969355654071209
6.0546875,Disgust,False,False,True,False,False,False,False,False,0.008095201240755558,0.0010919099409356465,0.3149790497113129,0.002977722676455196,0.31498365422033686,0.3148317471480324,0.0004017688123153914,0.042638946249856154
6.09375,Amusement,True,False,False,False,False,False,False,False,0.5576548589460935,0.005255672583058508,0.07542514082309679,0.005253288457418723,0.07439332004795733,0.20465671973654048,0.0019330499759476162,0.075427949429887
6.1328125,Amusement,True,False,False,False,False,False,False,False,0.37701863247990175,0.0035501642784490184,0.05100120109358745,0.0004803858326176486,0.05101020181707333,0.1385825078154121,0.001305777131493393,0.3770511295514653
6.171875,Amusement,True,False,False,False,False,False,False,False,0.282211324415741,0.019656950061945025,0.28241214904074147,0.007225912256719286,0.282331344023837,0.1038198246405569,0.0026588013346634885,0.019683694225795887
6.2109375,Amusement,True,False,False,False,False,False,False,False,0.7429738739944765,0.00034833097361992724,0.10056127286471678,0.0025732509162374423,0.03694945315345505,0.10051926129591995,0.0025737891891627366,0.013500767612411646
6.25,Amusement,True,False,False,False,False,False,False,False,0.7278794351755561,0.0009272400703500887,0.09844255807028661,0.0009271659586995251,0.03622827974640538,0.03620410491101575,0.0009269616566900651,0.09846425441099646
6.2890625,Inspiration,False,False,False,False,True,False,False,False,0.06684850119775522,0.18071088506790342,0.18173349964886523,0.0006291109926599769,0.4939824121293414,0.06679141910745419,0.004654101286003575,0.004650070570016914
6.328125,Inspiration,False,False,False,False,True,False,False,False,0.012454283153479911,0.01759475419349084,0.012487585882777031,0.0003201772476171213,0.682942576214855,0.25127083238673437,0.0008703130321900184,0.02205947788885596
6.3671875,Inspiration,False,False,False,False,True,False,False,False,0.1714740886100345,0.01194171608679106,0.17133992037008847,0.0016144302166039525,0.46617348466261527,0.1714498536514659,0.0016146104949492604,0.004391895907451553
6.40625,Amusement,True,False,False,False,False,False,False,False,0.3929286188497183,0.0037017727540683593,0.05316829605671367,0.001360132238249364,0.392907898996948,0.1445207135032187,0.010052560123255784,0.0013600074778278336
6.4453125,Disgust,False,False,True,False,False,False,False,False,0.1445444270724176,0.0013601762874925897,0.39287508807028354,0.0036968137169564566,0.3929621676279056,0.05315110084353727,0.010050298007404816,0.001359928374001994
6.484375,Amusement,True,False,False,False,False,False,False,False,0.39291780936164195,0.003697733219733309,0.14452753954154451,0.0013598619723638073,0.39296024693515164,0.05312264301257015,0.010054358974650315,0.001359806982344214
6.5234375,Amusement,True,False,False,False,False,False,False,False,0.39291104616149064,0.010089589048810785,0.1444775205808038,0.0013602267305289932,0.3929571307769366,0.053145948850747304,0.0036981626627749613,0.0013603751879069318
6.5625,Amusement,True,False,False,False,False,False,False,False,0.4408804778964175,0.011373147927872976,0.059594663630241705,0.004156199745877902,0.44105624214756556,0.03108407906980754,0.011293185308903157,0.0005620042733135592
6.6015625,Amusement,True,False,False,False,False,False,False,False,0.3149699578916094,0.002975347412073337,0.3148776579574921,0.00040125396092540887,0.31500648752568233,0.04261651036406853,0.008062150938250289,0.001090633949898404
6.640625,Amusement,True,False,False,False,False,False,False,False,0.44944247427157213,0.011500979055944252,0.06075379127588829,0.011512880675126128,0.44949841571939514,0.011505478789946514,0.004229963448653554,0.001556016763474065
6.6796875,Inspiration,False,False,False,False,True,False,False,False,0.1807111696102922,0.18040803859480023,0.06643957186196063,0.0006257821311258806,0.491251235417658,0.012569896077583326,0.06629341024931376,0.0017008960572659421
6.71875,Amusement,True,False,False,False,False,False,False,False,0.70469755762599,0.0008984263147248434,0.09532418942759714,0.0008977462360537044,0.09533461192721214,0.09530804693836502,0.006641629435902338,0.0008977920941548321
6.7578125,Amusement,True,False,False,False,False,False,False,False,0.6676999509438573,0.0023225606629537292,0.032833790382977075,0.0023167244857696936,0.04672720284857226,0.24546885417827707,0.00031337096807919514,0.0023175455295137313
6.796875,Amusement,True,False,False,False,False,False,False,False,0.6568384783445191,0.0008380897386349128,0.0022851790398679874,0.0022775308659082985,0.0876881674549973,0.2415787976480311,0.006217668279578796,0.0022760886284624872
6.8359375,Amusement,True,False,False,False,False,False,False,False,0.40514551411140337,0.0038376734860225007,0.003825478960125433,0.1485968016305895,0.028483157790327326,0.404837805374215,0.003867624874087736,0.001405943773229099
6.875,Amusement,True,False,False,False,False,False,False,False,0.6523522888907871,0.0008330744886368169,0.006191542534058394,0.006153313845395779,0.006203896500056571,0.23983046462049235,0.08812960531654056,0.0003058138040323081
6.9140625,Amusement,True,False,False,False,False,False,False,False,0.7039845507425508,0.0003301929492959736,0.09524380908466905,0.0008970131955969845,0.006634665954301437,0.09524199357302016,0.09522889520550432,0.0024388792950613028
6.953125,Amusement,True,False,False,False,False,False,False,False,0.6465474889195088,0.0008240970084474679,0.0874633510693472,0.0022393556754064315,0.018792493656373997,0.006099712151865832,0.23773052491277902,0.00030297660627120733
6.9921875,Amusement,True,False,False,False,False,False,False,False,0.6480333203445489,0.006102257771671613,0.23830488402234534,0.000825494993925912,0.016585796582399275,0.08759902294213374,0.0022456325656033133,0.00030359077737183255
7.03125,Amusement,True,False,False,False,False,False,False,False,0.7710292161799442,0.0026730972805120105,0.10434174273174975,0.007257225808489444,0.10377578340088658,0.002670174746024515,0.00727076853019194,0.0009819913222015046
7.0703125,Amusement,True,False,False,False,False,False,False,False,0.3929319150583713,0.010087028540660336,0.39297740528951464,0.0036974358216166525,0.05308833606376731,0.00136034768766592,0.14449725257479018,0.0013602789636136495
7.109375,Amusement,True,False,False,False,False,False,False,False,0.6560593699149316,0.0008363514560538399,0.24137215331758957,0.006177429344997096,0.0022729711895632617,0.002272221521931733,0.08873647450256619,0.002273028752366628
7.1484375,Amusement,True,False,False,False,False,False,False,False,0.6923680783408999,0.0008828159946719796,0.2547627923186351,0.006521008741980015,0.002398039168737589,0.006527495466271306,0.034140851986649096,0.002398917982155122
7.1875,Amusement,True,False,False,False,False,False,False,False,0.6781261937924166,0.006386318138077101,0.24950393230062234,0.0023473470969950726,0.000863995047106455,0.0023491610152687266,0.058074550598049314,0.002348502011464633
7.2265625,Amusement,True,False,False,False,False,False,False,False,0.6560915900092728,0.0008359121108067164,0.24138108348627418,0.006174019916979892,0.002272781133673782,0.0022717109418364727,0.08870115154274728,0.002271750858408846
7.265625,Amusement,True,False,False,False,False,False,False,False,0.4464021980955718,0.011471801173973681,0.06046941519119883,0.44670310831216903,0.011446793890704132,0.000569410055418945,0.011483406954591123,0.011453866326372667
7.3046875,Disgust,False,False,True,False,False,False,False,False,0.01092092854266775,0.0005384410931007978,0.42230578117008033,0.05654087005718332,0.05675376649342131,0.029439229520583796,0.001465664446478245,0.4220353186764843
7.34375,Disgust,False,False,True,False,False,False,False,False,0.10424724476137776,0.0009822502909374634,0.7707834489499664,0.007262982080198156,0.002683312387718866,0.007269947212959756,0.002671586506405996,0.10409922781043555
7.3828125,Tenderness,False,False,False,False,False,False,False,True,0.08698108363482025,0.0008215927670602489,0.011419048980432975,0.0022373925904431635,0.2370602702039258,0.016599260199164235,0.00030223172164353456,0.6445791199025098
7.421875,Inspiration,False,False,False,False,True,False,False,False,0.16815703922602512,0.0015848124895632143,0.1682472392260628,0.03187666620803892,0.4570687460732729,0.16811833291537048,0.0005828164739384422,0.004364347387728072
7.4609375,Disgust,False,False,True,False,False,False,False,False,0.09683519430063905,0.006757674013778612,0.26365345906167104,0.0961354802876484,0.006809502719764738,0.26353374105869015,0.002485719830826486,0.26378922872698146
7.5,Fear,False,False,False,True,False,False,False,False,0.0036718788104983945,0.0036630203383281163,0.142967038870048,0.3884377887404826,0.052579347158386615,0.3888403075508432,0.0004954840715589901,0.019345134459853943
7.5390625,Inspiration,False,False,False,False,True,False,False,False,0.0014028180862707942,0.053991454090549285,0.07690725133545655,0.0038410653288027544,0.4044152868015923,0.054613134958918175,0.0005157015404207171,0.4043132878579893
7.578125,Inspiration,False,False,False,False,True,False,False,False,0.004162775481160777,0.011339029440225943,0.011384549732018169,0.030885015247862867,0.44098669314573447,0.05964162937857885,0.0005623185832159503,0.441037988991203
7.6171875,Amusement,True,False,False,False,False,False,False,False,0.3608000181993521,0.0012503614489931814,0.13267511291518339,0.009234680962671713,0.360812981957645,0.13272799692521065,0.0012494633018679281,0.001249384289076142
7.65625,Inspiration,False,False,False,False,True,False,False,False,0.01985722093944666,0.0013846484615931576,0.027831478707375897,0.146754977137913,0.3995209237705253,0.3995058102763016,0.00138320657633299,0.0037617341305113375
7.6953125,Inspiration,False,False,False,False,True,False,False,False,0.015201517842073815,0.021323733438985602,0.007831292493085593,0.007848546109127132,0.8313641880931936,0.11249367254476406,0.0010589099734778454,0.002878139505292421
7.734375,Inspiration,False,False,False,False,True,False,False,False,0.012370024970394522,0.033685349831023725,0.017470206451497192,0.006470943097087988,0.6790087842873201,0.24981008167838606,0.0008662082055139289,0.000318401478776501
7.7734375,Inspiration,False,False,False,False,True,False,False,False,0.008593935463345645,0.04415079284170615,0.0030977719804605856,0.02308684398056485,0.8931943546098046,0.01632963860045309,0.0030960191436233335,0.00845064338004175
7.8125,Inspiration,False,False,False,False,True,False,False,False,0.06621557041522921,0.0642451822029742,0.18107170752453824,0.012697795603274721,0.4925971695335189,0.18083610585519833,0.0017080573055182828,0.0006284115597481699
7.8515625,Disgust,False,False,True,False,False,False,False,False,0.010694510765907468,0.0014034478219325458,0.4038207091041889,0.028345756117531408,0.4042873419118223,0.14622971366198417,0.0038152214300365525,0.001403299186596604
7.890625,Amusement,True,False,False,False,False,False,False,False,0.27460046658988463,0.1004121127067123,0.27444903111147345,0.019193317914443703,0.2741460521103526,0.0371064549600791,0.019140269418373677,0.0009522951886806554
7.9296875,Amusement,True,False,False,False,False,False,False,False,0.43117137062962185,0.05833312540010608,0.011130383429622005,0.05816698397027257,0.431551901344234,0.0014961101215508284,0.004079788903883923,0.004070336200708821
7.96875,Amusement,True,False,False,False,False,False,False,False,0.3776650921281723,0.3772384412471201,0.050811200327628134,0.0507633291613187,0.13816607375714543,0.0035646132899144665,0.0004821415623664902,0.0013091085263343455
8.0078125,Amusement,True,False,False,False,False,False,False,False,0.6766734910166392,0.0023440670886153226,0.03341665948480396,0.0023453193380731114,0.24890135387734114,0.0331138082892303,0.002343339675144402,0.0008619612301524988
8.046875,Amusement,True,False,False,False,False,False,False,False,0.3149560550975031,0.0029651910893423407,0.31495778955707937,0.0010899616992897938,0.31497942403477475,0.00805579005458844,0.04259483697936152,0.00040095148806061685
8.0859375,Amusement,True,False,False,False,False,False,False,False,0.6479019817973818,0.002303135835978937,0.0875828931559896,0.0003036695358618793,0.2383468793973599,0.016634400836900844,0.006101868763574901,0.000825170676952233
8.125,Amusement,True,False,False,False,False,False,False,False,0.6380074186906763,0.00601101935896916,0.03174459757344773,0.0008126004513686833,0.2347258142511816,0.002209230870251465,0.08619041689738292,0.0002989019067220509
8.1640625,Sadness,False,False,False,False,False,False,True,False,0.23467018159947153,0.0022101473897689554,0.08632797133361804,0.0002988799973921854,0.031727263566686044,0.006008106916198712,0.6379448910833697,0.0008125581134948937
8.203125,Amusement,True,False,False,False,False,False,False,False,0.7930992288928476,0.02048365277577856,0.10726974897679287,0.0003716616434768592,0.05617432574020364,0.007473244484806851,0.014117741100590143,0.0010103963855034774
8.2421875,Amusement,True,False,False,False,False,False,False,False,0.637966300698311,0.006007220879702041,0.08633235465050476,0.0002988335696691628,0.031723976692397446,0.002210748978369318,0.23464828749239136,0.0008122770386548908
8.28125,Amusement,True,False,False,False,False,False,False,False,0.6349774205970053,0.000297624047312178,0.23351934928344587,0.0008085684658968669,0.08501833126317339,0.03156897697911443,0.011611758198735906,0.0021979711653160503
8.3203125,Amusement,True,False,False,False,False,False,False,False,0.7624259057526634,0.0009710562524190836,0.1031715460654779,0.0009707617486945122,0.0026414804590403984,0.019508063922593646,0.10313539367656967,0.007175792122541358
8.359375,Sadness,False,False,False,False,False,False,True,False,0.24051949812135068,0.0003064636859476765,0.0884653257901967,0.002264080050481443,0.006157602700192261,0.00616205407604601,0.6538602253907898,0.002264750184995605
8.3984375,Joy,False,False,False,False,False,True,False,False,0.2548385949007325,0.0008825555568479938,0.017746412771102903,0.002401161196445215,0.017741876084950394,0.6928720746700615,0.012634501111033727,0.0008828237088257004
8.4375,Amusement,True,False,False,False,False,False,False,False,0.6501322382991136,0.0008279675585219038,0.2391161726935859,0.0008280328973247639,0.002250689165380167,0.08796553820443671,0.0166284769941892,0.002250884187447752
8.4765625,Amusement,True,False,False,False,False,False,False,False,0.6922088502833112,0.0008813259971933534,0.2546480044189791,0.0023953071547027816,0.034434298225919494,0.006513842606959878,0.006523067355269971,0.002395303957663965
8.515625,Amusement,True,False,False,False,False,False,False,False,0.7058207367359093,0.0024444883124540343,0.25965842870867584,0.0024440960633153215,0.0066648527791492995,0.01807905395083579,0.002444985460764724,0.00244335798889573
8.5546875,Amusement,True,False,False,False,False,False,False,False,0.6544763988757604,0.0008337469034665841,0.2407796444510801,0.000833381951539555,0.002267138053192715,0.006160080612666791,0.08848800427752292,0.006161604874770868
8.59375,Amusement,True,False,False,False,False,False,False,False,0.7047891272871976,0.002441675586498253,0.25929012134043405,0.006637241829389928,0.006639945467741793,0.0008982085951662298,0.01265772798674865,0.006645951906823578
8.6328125,Tenderness,False,False,False,False,False,False,False,True,0.015417110620332847,0.11393761300352878,0.002054096964958043,0.2174310370429854,0.0020531234369926413,0.04174365344729041,0.015246603523356612,0.5921167619605553
8.671875,Sadness,False,False,False,False,False,False,True,False,0.11750542642354041,0.003058346563265415,0.022704340880603375,0.11834044070234431,0.11865867001796991,0.008299295410958215,0.2882455397530238,0.32318794024829456
8.7109375,Fear,False,False,False,True,False,False,False,False,0.018871102326978213,0.0005898455119764306,0.1700389139996964,0.46194328425888365,0.169974214706204,0.0043574450181677535,0.004366993438128723,0.16985820073996485
8.75,Inspiration,False,False,False,False,True,False,False,False,0.07704044947218376,0.0007278711691226671,0.20802744080228946,0.014674252970482986,0.5707806016336391,0.014621048297192667,0.10873813930535725,0.0053901963497320834
8.7890625,Amusement,True,False,False,False,False,False,False,False,0.38220991777503416,0.000488327233219664,0.1381212971318685,0.003613684168777765,0.3831682880047507,0.07255931982384062,0.0013292364261673025,0.01850992943634131
8.828125,Tenderness,False,False,False,False,False,False,False,True,0.07135593214589606,0.04027469861213061,0.014867349283995293,0.00546535713141857,0.07797302225181477,0.21205186618634894,0.000736073924687994,0.5772757004637078
8.8671875,Joy,False,False,False,False,False,True,False,False,0.0782488927924933,0.014919277443715602,0.0774200505788985,0.00546527653468305,0.21320078395556694,0.5799984439795982,0.002010781401782694,0.028736493313261776
8.90625,Joy,False,False,False,False,False,True,False,False,0.00610498819625729,0.08711396178869807,0.011478925767765989,0.000822489441571215,0.011697814525022094,0.6452767436117146,0.0003024491553889392,0.2372026275135819
8.9453125,Inspiration,False,False,False,False,True,False,False,False,0.07734173384652765,0.21005149196788542,0.11279542208979695,0.001984331786095614,0.5721945887186423,0.014792891128290062,0.005410124267974848,0.005429416194787133
8.984375,Inspiration,False,False,False,False,True,False,False,False,0.010321294792646827,0.0038650540122668743,0.1479422632304007,0.028065564130368148,0.4028267337043858,0.4026594804218851,0.0005135563517667739,0.003806053356279734
9.0234375,Inspiration,False,False,False,False,True,False,False,False,0.003396818218163127,0.009231413872812592,0.1324630958424668,0.00045934865083001173,0.3603059721235774,0.3603480056211164,0.0012482749715799527,0.13254707069945382
9.0625,Amusement,True,False,False,False,False,False,False,False,0.3153433094845786,0.001091700114180928,0.3153095224911281,0.0010912805724463607,0.31534740101399067,0.04266050629171227,0.00806505002550737,0.0010912300064556057
9.1015625,Disgust,False,False,True,False,False,False,False,False,0.144555696511547,0.0036988944121461903,0.3928580136581538,0.0013599262405969,0.3929618495813737,0.05315466614047213,0.010051124152347057,0.001359829303363267
9.140625,Inspiration,False,False,False,False,True,False,False,False,0.18799174074654834,0.0017700348610213718,0.1878736958237137,0.03554767244980878,0.51108787112738,0.06915101171762339,0.004809044735638653,0.001768928538265849
9.1796875,Inspiration,False,False,False,False,True,False,False,False,0.04049578022279472,0.002826050567917746,0.021120378475060677,0.0028217294697490836,0.8139645634785468,0.11007404918231575,0.0076610794707713285,0.00103636913284377
9.21875,Amusement,True,False,False,False,False,False,False,False,0.43130949210301534,0.004063921574432564,0.058330571908893965,0.004063726166144823,0.4314597822179937,0.058240543678759506,0.011038589755981841,0.0014933725947780673
9.2578125,Amusement,True,False,False,False,False,False,False,False,0.638555933142858,0.0008134080518996822,0.0863784186189686,0.0008130511083600325,0.2349205654691214,0.03169284144272139,0.006012833318142257,0.0008129488479285536
9.296875,Disgust,False,False,True,False,False,False,False,False,0.14244022557136696,0.019203318697541636,0.38708428236145753,0.0013406758807452098,0.38720802750666955,0.052322849614261854,0.009907547264154715,0.0004930731038026526
9.3359375,Amusement,True,False,False,False,False,False,False,False,0.4376737004295169,0.05799969969240131,0.021763345518876962,0.001516805540402753,0.4376911772755444,0.011274061322260448,0.030564658097430312,0.001516552123566844
9.375,Amusement,True,False,False,False,False,False,False,False,0.4439233043176314,0.16310032703726784,0.06005012753867087,0.0005660490126340193,0.16333705465916795,0.004185291927088463,0.16329929405086668,0.0015385514566727118
9.4140625,Amusement,True,False,False,False,False,False,False,False,0.70411147534226,0.0024682292356246224,0.09519544899608398,0.0003302224469058056,0.006640667899215809,0.0951893944721995,0.0951670175629738,0.000897544044736421
9.453125,Disgust,False,False,True,False,False,False,False,False,0.23874800753941922,0.0008324361065425929,0.6490754129913631,0.0008272621938809624,0.016662723944846036,0.08679721466768438,0.0062299452978539106,0.0008269972584097452
9.4921875,Amusement,True,False,False,False,False,False,False,False,0.38042509472325303,0.13956158967555596,0.01803929628678736,0.07344848093039923,0.0013202158619301878,0.006925689030177484,0.3797948769231439,0.00048475656875285366
9.53125,Amusement,True,False,False,False,False,False,False,False,0.6482890534350202,0.0008269595092408703,0.23840475606911388,0.0008268390375413404,0.016951958032221267,0.0877056994902578,0.006168505388000334,0.0008262290386044504
9.5703125,Amusement,True,False,False,False,False,False,False,False,0.6400400689388669,0.0008163766782249446,0.031844250468765864,0.0008155392640409824,0.2354539370333036,0.00221669355406445,0.08659667615711553,0.002216457905617737
9.609375,Amusement,True,False,False,False,False,False,False,False,0.644904647571458,0.011724512383410674,0.23724516138641066,0.0008221311587651589,0.006077450507765701,0.08716840147273046,0.011755320917992309,0.0003023746014670567
9.6484375,Amusement,True,False,False,False,False,False,False,False,0.3621574705527268,0.0012548992702404386,0.1331896551762985,0.0012543025684582441,0.0034110684084807494,0.362191073349238,0.1331310944340735,0.0034104362404838925
9.6875,Disgust,False,False,True,False,False,False,False,False,0.2407609554097917,0.006166156479618381,0.6544894968276482,0.002265711107698893,0.006163836164668341,0.0008337348456362594,0.08848664611008497,0.0008334630548533352
9.7265625,Amusement,True,False,False,False,False,False,False,False,0.6904871310064934,0.0008803450699465354,0.2540173318447057,0.0065043504118774305,0.006511760144467725,0.006505079527666871,0.03421433230628402,0.0008796696885581732
9.765625,Amusement,True,False,False,False,False,False,False,False,0.8276960411646502,0.00038838781494461593,0.1120558426762931,0.0078086222832604545,0.007871392719439763,0.021277591016881318,0.015087854564703313,0.00781426775982718
9.8046875,Amusement,True,False,False,False,False,False,False,False,0.36027133494476765,0.0004596022804815117,0.13257248919028333,0.001249125556403829,0.009233620136361254,0.1324743884415228,0.36034055616972244,0.0033988832804571286
9.84375,Disgust,False,False,True,False,False,False,False,False,0.26085072879274035,0.006678845070102513,0.709062393525108,0.0024554100109523153,0.006678843558399748,0.006684423553123947,0.006685885402300506,0.0009034700872726988
9.8828125,Amusement,True,False,False,False,False,False,False,False,0.5086692437634923,0.035772315439482054,0.0685047341077906,0.18649373547178794,0.004839036317182116,0.0006496570156781323,0.009047754090668242,0.18602352379391848
9.921875,Inspiration,False,False,False,False,True,False,False,False,0.039826449094840656,0.00038049328038239626,0.007654611006847507,0.10965113845602784,0.8111380876194045,0.02085758260265338,0.007671609716442241,0.0028200282234015724
9.9609375,Fear,False,False,False,True,False,False,False,False,0.06990925933662034,0.0006600365885989874,0.19013082711961057,0.5173455311959355,0.013414151498190472,0.004878295854969119,0.013264451823431406,0.19039744658264368
10.0,Amusement,True,False,False,False,False,False,False,False,0.638460537099577,0.0008140583985527752,0.006015147739336399,0.0863571507989951,0.2349845780724879,0.0008142212076380898,0.000814829507647325,0.03173947717576538
10.0390625,Disgust,False,False,True,False,False,False,False,False,0.051141149167011714,0.002546067534360968,0.2690651523843138,0.09880091870789415,0.2697619399682499,0.036413239755965034,0.0025425168887000388,0.2697290155935045
10.078125,Disgust,False,False,True,False,False,False,False,False,0.10712469738747163,0.0010107166401584653,0.2906457244308569,0.0391507585907484,0.2907438045066585,0.007474376244235515,0.15665827210578784,0.10719165009408269
10.1171875,Sadness,False,False,False,False,False,False,True,False,0.00718127720838066,0.0003572425389654573,0.01953885526595823,0.002647135815481926,0.10314298826229962,0.002641779230259027,0.7614102655546953,0.10308045612395984
10.15625,Tenderness,False,False,False,False,False,False,False,True,0.24175190881266231,0.0008378733682972714,0.03264992486868429,0.0008381605033478492,0.03268006901826443,0.03272668113797562,0.0008377451724647091,0.6576776371183035
10.1953125,Amusement,True,False,False,False,False,False,False,False,0.6855514159475481,0.0008730015040091735,0.034124652775958074,0.0023725924537395145,0.2521910577339706,0.01756102585566104,0.006452939059805317,0.0008733146693082294
10.234375,Amusement,True,False,False,False,False,False,False,False,0.6400535630201248,0.0022161299327786324,0.08659511675992082,0.0008148908806220144,0.23542767677080992,0.03186117545488585,0.0008149122563384913,0.0022165349245194966
10.2734375,Amusement,True,False,False,False,False,False,False,False,0.3163649605127457,0.002976783444178698,0.31635535206983295,0.0010947609908764431,0.31633337626998315,0.04280377337057689,0.0029761357740724784,0.001094857567733791
10.3125,Amusement,True,False,False,False,False,False,False,False,0.3929037327982492,0.0036998445165327756,0.39293808587081275,0.0013599539591706588,0.1445332341249161,0.05315332132661555,0.010051748236738168,0.0013600791669649203
10.3515625,Inspiration,False,False,False,False,True,False,False,False,0.2157179896105937,0.04098335561274277,0.005541012094155156,0.04095690132441553,0.5874569076642026,0.029215846711556335,0.0007490262151084214,0.07937896076722553
10.390625,Anger,False,True,False,False,False,False,False,False,0.05523483274824418,0.41042433666353356,0.05551639467390393,0.00052353779322295,0.4108110020057473,0.055540188748976385,0.0014238575403276706,0.010525849826044004
10.4296875,Inspiration,False,False,False,False,True,False,False,False,0.000836855749793925,0.006173289300888963,0.007012053044763786,0.0022684757643237387,0.6543179058559705,0.08849601418965189,0.0008338995737366587,0.2400615065208705
10.46875,Disgust,False,False,True,False,False,False,False,False,0.19169379244996532,0.004924501119859878,0.5211059316183843,0.004907970337635673,0.19174432693261192,0.0704712849203147,0.013346944936817364,0.0018052476844109158
10.5078125,Disgust,False,False,True,False,False,False,False,False,0.23782970732904543,0.004335226427140381,0.6464588919886133,0.0008244467839213497,0.08752359475940573,0.01662949458890248,0.006095427546336073,0.00030321057663528444
10.546875,Inspiration,False,False,False,False,True,False,False,False,0.089111607459972,0.04654332173561156,0.088466299530882,0.08911857692957968,0.6611582168981044,0.006234710462010608,0.0022922839119696244,0.01707498307187006
10.5859375,Amusement,True,False,False,False,False,False,False,False,0.5174698976549,0.18993784934397265,0.013289172554790807,0.06997667906143856,0.1905044204485388,0.0048847029190970045,0.013277226420994308,0.0006600515962677804
10.625,Inspiration,False,False,False,False,True,False,False,False,0.18457444843595092,0.18333887872090088,0.024851949524711696,0.03514695485999691,0.5017734298802925,0.06793366553527215,0.0017407478957197219,0.0006399251471553356
10.6640625,Inspiration,False,False,False,False,True,False,False,False,0.19846845738256347,0.0050923395816964345,0.19846428962828666,0.005082491230920693,0.5396065150014431,0.037601533049659804,0.013816118864949113,0.001868255260480791
10.703125,Inspiration,False,False,False,False,True,False,False,False,0.21089920246178903,0.07723830910822714,0.07749486374868066,0.01479307133600041,0.5733531152658085,0.0054390697364712255,0.04005140514599844,0.0007309631970245658
10.7421875,Amusement,True,False,False,False,False,False,False,False,0.7490708848158453,0.10102794446365625,0.00709483114810239,0.002600233612314598,0.10120504049612185,0.037090424662741324,0.0009561269596009511,0.0009545138416174352
10.78125,Amusement,True,False,False,False,False,False,False,False,0.3923426499682665,0.010294152477097845,0.053057777813762884,0.0037045809468880067,0.14431096210142785,0.003699816542853655,0.39208957194449684,0.0005004882052064155
10.8203125,Amusement,True,False,False,False,False,False,False,False,0.6886070745035892,0.25246643177848527,0.012474518461206254,0.0023918785224645474,0.006538989017440376,0.0342526190813836,0.002390683867717493,0.0008778047677133387
10.859375,Amusement,True,False,False,False,False,False,False,False,0.638667438652494,0.0008136701371173451,0.23489825549394489,0.0008134317181379755,0.03152284742376648,0.08641646815142136,0.006054593590037356,0.0008132948330807395
10.8984375,Amusement,True,False,False,False,False,False,False,False,0.6442329701237737,0.0022306367210295102,0.23697825756298266,0.0008202252333966469,0.08715181336076383,0.016494566375476465,0.011789807924608632,0.0003017226979684169
10.9375,Amusement,True,False,False,False,False,False,False,False,0.6488367180031716,0.0008269550023873221,0.2385846685361665,0.0022470378448733543,0.016626440081578948,0.08643980241173148,0.006134356121743805,0.00030402199834705994
10.9765625,Amusement,True,False,False,False,False,False,False,False,0.6400445536589111,0.002223912569499707,0.03182250622079929,0.0858385582715213,0.0022304576295575735,0.002221483972887036,0.23531836347331012,0.0003001642035138225
11.015625,Amusement,True,False,False,False,False,False,False,False,0.704025965590614,0.000330258965654278,0.09524995686736838,0.0008973717356638698,0.006630614057139252,0.09526626722623335,0.09516047318191644,0.0024390923754104236
11.0546875,Amusement,True,False,False,False,False,False,False,False,0.7395502048459269,0.0003464372213312793,0.10007663042227606,0.0009416385116659856,0.002560837878018918,0.05149406056770906,0.09807128704276925,0.006958903510302603
11.09375,Disgust,False,False,True,False,False,False,False,False,0.23834934644472408,0.0061095623623228235,0.647952625653619,0.002242706280735066,0.016594802897692225,0.0008254875987025622,0.08762193985870542,0.00030352890349871607
11.1328125,Amusement,True,False,False,False,False,False,False,False,0.6852960431793585,0.00032153462177949606,0.2519216182921816,0.002374750757847456,0.002376699027876513,0.0336865097833944,0.006469728337468876,0.01755311600009313
11.171875,Amusement,True,False,False,False,False,False,False,False,0.6873514049724854,0.0008758126239106598,0.252870272725556,0.002379543463033707,0.017624932278319183,0.002380919564632919,0.034137413850991206,0.002379700521071123
11.2109375,Amusement,True,False,False,False,False,False,False,False,0.6927286819881957,0.00240139601754053,0.25487067657774964,0.006526250009496024,0.006533659257949034,0.0008828661317988196,0.03365391273930572,0.0024025572779645334
11.25,Disgust,False,False,True,False,False,False,False,False,0.259589182610885,0.002444280464347409,0.7058213056701396,0.0024439641179695164,0.002444809296434347,0.01816312401835146,0.002446085792305462,0.006647248029567032
11.2890625,Amusement,True,False,False,False,False,False,False,False,0.6854045895244922,0.00032114344370539705,0.25213816525322347,0.00644951551640323,0.002373367841305811,0.017564300011990483,0.03337630032818529,0.00237261808069399
11.328125,Amusement,True,False,False,False,False,False,False,False,0.7039251107515553,0.0008969092505282505,0.2589644290712805,0.006632187297936537,0.0024389418406101635,0.018052200370727974,0.0024391149334602913,0.006651106483901073
11.3671875,Fear,False,False,False,True,False,False,False,False,0.1012195451698097,0.002598021538783925,0.03723159752043485,0.7486002275021518,0.007088377899996431,0.0009553208444436721,0.0009552864318734454,0.10135162309250606
11.40625,Fear,False,False,False,True,False,False,False,False,0.004050072888967087,0.0008734994830621585,0.017667645480312966,0.6843490373023057,0.25165295715707714,0.006464043800555789,0.0008741205571667729,0.03406862333055235
11.4453125,Fear,False,False,False,True,False,False,False,False,0.006209273034906437,0.006160537074394446,0.0008366452788118725,0.651805359626848,0.0062122923160885185,0.08824317974242954,0.0003063060516210692,0.24022640687490027
11.484375,Amusement,True,False,False,False,False,False,False,False,0.42663756320813495,0.0109391430839078,0.01745891461982205,0.0014786985480117422,0.05768694816183569,0.05763142207363491,0.0014786607650027618,0.4266886495396502
11.5234375,Joy,False,False,False,False,False,True,False,False,0.20906262603400877,0.07566839861149528,0.04025571606054632,0.005362401027436384,0.02366629471385133,0.5683278279615513,0.0007254754140966826,0.07693126017701396
11.5625,Tenderness,False,False,False,False,False,False,False,True,0.0028031029954795317,0.0028009906692015624,0.0076137489170236446,0.007634952393315286,0.06257585560494164,0.10895839984620287,0.0010302859698743214,0.8065826636039611
11.6015625,Amusement,True,False,False,False,False,False,False,False,0.4362869743535696,0.01118600885330754,0.0041399539367769625,0.030406789382220238,0.43666224609663173,0.021705897328539843,0.0005564220944344704,0.05905570795451961
11.640625,Inspiration,False,False,False,False,True,False,False,False,0.03876438276365333,0.05420466907052204,0.1053497843334991,0.0003648332614290219,0.7787376034618592,0.014246607096424807,0.0009923031949947711,0.0073398168176177355
11.6796875,Disgust,False,False,True,False,False,False,False,False,0.1834520377727483,0.09443477352964287,0.4985764551943134,0.0006353494376501767,0.18347446295012965,0.02481705319244806,0.0017286790623129132,0.012881188860754806
11.71875,Amusement,True,False,False,False,False,False,False,False,0.23620134816879232,0.04491061776298036,0.23606244044860006,0.0022227662401651366,0.23615961936813992,0.23617496601596136,0.006045095324450945,0.0022231466709098885
11.7578125,Inspiration,False,False,False,False,True,False,False,False,0.19070368030187598,0.01331054557563814,0.07012547243337557,0.001795115169114398,0.5183112908239184,0.19069364224467777,0.01326509386541464,0.0017951595859851603
11.796875,Inspiration,False,False,False,False,True,False,False,False,0.1901762652791546,0.014042452464172666,0.06975637639710063,0.0006585651436078309,0.5170584450750938,0.19020432850024074,0.01323745832251045,0.004866108818119151
11.8359375,Inspiration,False,False,False,False,True,False,False,False,0.0783547878226152,0.0780289275979486,0.028732506453391943,0.005455160374843545,0.5795029727818897,0.21307740658770669,0.014841650860828004,0.0020065875207762444
11.875,Disgust,False,False,True,False,False,False,False,False,0.17132881769990616,0.012257360185627814,0.4659150233363198,0.0016142802061309312,0.17143868144899335,0.17144131814841232,0.004390190400514533,0.0016143285740952609
11.9140625,Disgust,False,False,True,False,False,False,False,False,0.18676081981223944,0.06860774216682534,0.5075976734975483,0.00479507543239873,0.18686982379597175,0.009171669960187433,0.03554936002117454,0.0006478353136545829
11.953125,Amusement,True,False,False,False,False,False,False,False,0.3923355373194326,0.14429453823768465,0.01008735498437602,0.003716637092281949,0.39259638325134866,0.05276481475809347,0.003703944865470341,0.000500789491312292
11.9921875,Amusement,True,False,False,False,False,False,False,False,0.387674926420134,0.05222725615737676,0.019219927658535443,0.0013438897203148855,0.3878062633062062,0.009929843261324546,0.14130400764351,0.0004938858325982124
12.03125,Anger,False,True,False,False,False,False,False,False,0.06935070618474969,0.5113556787555416,0.18705890692993166,0.18797495191841615,0.024603610500944565,0.014159067076266544,0.004843729202454428,0.0006533494316954843
12.0703125,Amusement,True,False,False,False,False,False,False,False,0.38941793258844554,0.38908562395822605,0.019258528137424232,0.001355279723627097,0.05268539920122757,0.14316386820341298,0.0036801921468973147,0.0013531760407392548
12.109375,Amusement,True,False,False,False,False,False,False,False,0.4857335363157418,0.02395414049028185,0.06555817889663629,0.001684382566148882,0.17828885389047608,0.17850750357318323,0.06565409170609966,0.0006193125614323573
12.1484375,Joy,False,False,False,False,False,True,False,False,0.10763889669121103,0.007512171858814914,0.03955176432643665,0.002757377673134196,0.039302545351563176,0.7953696991547059,0.007494696703108499,0.0003728482410254628
12.1875,Inspiration,False,False,False,False,True,False,False,False,0.1712052100290295,0.011962877414785623,0.17116427844093662,0.004383079519502206,0.4653407510147188,0.004384329187903073,0.1709666505228337,0.0005928238702906933
12.2265625,Amusement,True,False,False,False,False,False,False,False,0.7047827246859314,0.0008990269364342944,0.09530907255509845,0.0008984561435156889,0.006645140158302082,0.09528128624060853,0.09528653550136154,0.0008977577787478714
12.265625,Amusement,True,False,False,False,False,False,False,False,0.7040063495697894,0.00033008346803220154,0.09526280495877257,0.0008968456203540785,0.00243831237715267,0.09527447782002887,0.09516241459909196,0.00662871158677821
12.3046875,Amusement,True,False,False,False,False,False,False,False,0.7281950198795228,0.09844970780032403,0.03625386329932222,0.0009276697855544909,0.035800364595857705,0.0009277161636885153,0.09851801446913613,0.0009276440065940573
12.34375,Joy,False,False,False,False,False,True,False,False,0.2347083613161688,0.00029910929984732594,0.08631917895985528,0.0008127035337873652,0.006011498277305416,0.6379895307791427,0.031650198075707486,0.002209419758185599
12.3828125,Disgust,False,False,True,False,False,False,False,False,0.24077931924041884,0.0022673826814284875,0.654479367808893,0.0008337048692401018,0.08845271602299379,0.006180148160584253,0.006173880380248555,0.0008334808361929167
12.421875,Sadness,False,False,False,False,False,False,True,False,0.08664212263728062,0.0008160360995663611,0.2355373597909656,0.002216968425321206,0.03180864010196091,0.0022182072097617247,0.639945127077958,0.0008155386571854583
12.4609375,Disgust,False,False,True,False,False,False,False,False,0.24074504662571833,0.0008343644201655348,0.654648007434821,0.0008348482920182165,0.08827022596066757,0.006168101661273824,0.002332599816898392,0.006166805788437148
12.5,Disgust,False,False,True,False,False,False,False,False,0.00704964643846475,0.00032242666755282883,0.685161354375121,0.0023779047794843097,0.0333928691291715,0.017758082344112615,0.2515575560028694,0.00238016026322343
12.5390625,Amusement,True,False,False,False,False,False,False,False,0.638204884379428,0.0002993437905078354,0.0861653754794256,0.0022141329141488393,0.0060159122603153405,0.03171418262247927,0.2345722759508789,0.000813892602816273
12.578125,Amusement,True,False,False,False,False,False,False,False,0.7036536287874913,0.0008965314721188223,0.2588551651833978,0.006625588530313465,0.0024375011050482807,0.0066264009980690885,0.01846665551724492,0.0024385284063162187
12.6171875,Amusement,True,False,False,False,False,False,False,False,0.3926694035250832,0.0005009053610765844,0.39250651421990435,0.053087854381821585,0.0037020549237236876,0.010071365985814436,0.14375015607821168,0.0037117455243645347
12.65625,Fear,False,False,False,True,False,False,False,False,0.21978793051316858,0.0007619513926828063,0.029718867968869238,0.5963728593104745,0.015346573008538833,0.08079696464233459,0.041754458838373,0.015460394325558534
12.6953125,Amusement,True,False,False,False,False,False,False,False,0.6495542864867987,0.0022503421495278122,0.23895289502883485,0.016687367778204797,0.08774056366242147,0.0022521815681978133,0.0003045725952428228,0.0022577907307718336
12.734375,Amusement,True,False,False,False,False,False,False,False,0.757376529251112,0.0009656102449913384,0.10238778398609523,0.0026263837153252803,0.01951218200662797,0.10235825234130883,0.0009651272867408375,0.013808131167798578
12.7734375,Amusement,True,False,False,False,False,False,False,False,0.859973335170812,0.022108689916453334,0.0428097330001178,0.008113952932657355,0.008107972148462761,0.042773667915104605,0.00040332358527653495,0.015709325331115603
12.8125,Amusement,True,False,False,False,False,False,False,False,0.6571235142160134,0.0003078961292390085,0.24172303356105512,0.0022746425062542606,0.011741648587782861,0.07836144592807472,0.0022758903507835524,0.006191928720796894
12.8515625,Fear,False,False,False,True,False,False,False,False,0.003057653366179766,0.00829254099068334,0.003064569984941418,0.32262990680796094,0.016030482954880926,0.3231840158059981,0.00041216573082796226,0.32332866435852736
12.890625,Inspiration,False,False,False,False,True,False,False,False,0.05419283404959067,0.07643421077948331,0.007359282154982602,0.0013966201924194301,0.4028826561069613,0.05440511191845353,0.0005136745945955137,0.40281561020351375
12.9296875,Tenderness,False,False,False,False,False,False,False,True,0.09841098620207103,0.0009288492223115697,0.036228404982743434,0.0009283853909161063,0.03617235301978155,0.09835443464327452,0.0009284563042671042,0.7280481302346347
12.96875,Amusement,True,False,False,False,False,False,False,False,0.3769257770792213,0.003550940749515405,0.05099165317465509,0.00048035551133546856,0.13870259863062914,0.3770355278684271,0.0013060926815894602,0.05100705430462691
13.0078125,Inspiration,False,False,False,False,True,False,False,False,0.06676919148871983,0.06660989891366376,0.18162269207824738,0.00465013937117377,0.4934531738569874,0.1816142517356809,0.0006292892044519476,0.0046513633510749525
13.046875,Tenderness,False,False,False,False,False,False,False,True,0.0008348955872383668,0.006224991998944138,0.006227035903629013,0.0008347596603945944,0.24063848751363026,0.08842493679912339,0.002273090329894372,0.654541802207146
13.0859375,Amusement,True,False,False,False,False,False,False,False,0.3909264768779252,0.0004982022543533397,0.05268794460349521,0.010002874481728867,0.39097731408595454,0.14354635773653684,0.01000633071680554,0.0013544992432005711
13.125,Disgust,False,False,True,False,False,False,False,False,0.03356902577025599,0.00233697325689318,0.674380457881104,0.0008591049871602747,0.24812085205177098,0.033523102734863655,0.006351307804896436,0.0008591755130553789
13.1640625,Inspiration,False,False,False,False,True,False,False,False,0.05742613532512391,0.020707947820446517,0.057224431489778606,0.010885578391089452,0.42469389688854803,0.42451999670303064,0.00400053676177675,0.0005414766202060272
13.203125,Inspiration,False,False,False,False,True,False,False,False,0.19190858319884976,0.004917575779252667,0.19070404694551576,0.004915791561981544,0.5219237788364763,0.07046353773075567,0.013359291255948053,0.0018073946912201793
13.2421875,Amusement,True,False,False,False,False,False,False,False,0.39295861983188707,0.003703107434233125,0.14446517839823864,0.0013604776553240538,0.3929958702173387,0.05309343995199587,0.010063016766688346,0.0013602897442940873
13.28125,Amusement,True,False,False,False,False,False,False,False,0.4244322318123786,0.05716576923288186,0.057377228307985494,0.0005405077594322599,0.4244975297259223,0.021108338573503704,0.010884482620597763,0.003993911967298025
13.3203125,Disgust,False,False,True,False,False,False,False,False,0.10089860058999782,0.007145307329521496,0.7456166657212698,0.0003494555191788994,0.10091792695596942,0.03709164432747813,0.007030551370435408,0.0009498481861490624
13.359375,Amusement,True,False,False,False,False,False,False,False,0.3924109007802499,0.00371217759599034,0.39243836285719785,0.0005002701113800616,0.14412040386744185,0.0530564814770962,0.0100649578815667,0.0036964454290770725
13.3984375,Disgust,False,False,True,False,False,False,False,False,0.10126306541781821,0.0025967568874550066,0.7487168898800856,0.0009546636188753077,0.10123708429849161,0.037212755405011656,0.007064220078899342,0.0009545644133632839
13.4375,Amusement,True,False,False,False,False,False,False,False,0.4050723611721693,0.003832615116217618,0.40460391353859815,0.0014056228682230508,0.02845890351492348,0.14898660475602402,0.0038229360017454656,0.0038170430320989203
13.4765625,Amusement,True,False,False,False,False,False,False,False,0.6449468167984787,0.08680724547873334,0.08671542257852552,0.01655552794562154,0.045240568014621264,0.03200705118152284,0.08690500626248744,0.000822361740009456
13.515625,Amusement,True,False,False,False,False,False,False,False,0.6496751711104599,0.002278392814811382,0.23866375100402915,0.0003049043380949838,0.01667817810340369,0.0878885681701801,0.0022585871486389816,0.0022524473103816695
13.5546875,Amusement,True,False,False,False,False,False,False,False,0.6546467483051243,0.0008356185384961232,0.24054435924680384,0.0022699841980629337,0.006182190172298376,0.08850691375967742,0.006179575296951955,0.0008346104825851304
13.59375,Amusement,True,False,False,False,False,False,False,False,0.651246918833986,0.0003056023215747371,0.0823889881047709,0.0022581154015628266,0.017072081731467178,0.23957622724054076,0.0063219108553624614,0.0008301555107350522
13.6328125,Amusement,True,False,False,False,False,False,False,False,0.6502396983269959,0.0008295349239378267,0.002255372149728843,0.01666259637666965,0.0022702529140800408,0.23912113461311843,0.08779279285676697,0.0008286178387023716
13.671875,Amusement,True,False,False,False,False,False,False,False,0.36043589477165405,0.0012524805158085136,0.009287857218646882,0.1324889994058202,0.003399349064884693,0.3604789093671146,0.13219628389751675,0.0004602257585542327
13.7109375,Amusement,True,False,False,False,False,False,False,False,0.7839819799923797,0.0010006576517269323,0.03899479615343386,0.007394113698523922,0.007388380025398805,0.10608617117456311,0.05478634523877904,0.0003675560651947005
13.75,Amusement,True,False,False,False,False,False,False,False,0.6545181220105145,0.0022675516483781845,0.0885583623428808,0.0008335443897181346,0.006166844771304344,0.0008338204530192266,0.2406612150057987,0.0061605393783859186
13.7890625,Amusement,True,False,False,False,False,False,False,False,0.6479413443286247,0.0008253949802801584,0.2383476957401779,0.002242748487986672,0.01658410368432151,0.006114449313226694,0.08764075344379124,0.00030351002159104796
13.828125,Amusement,True,False,False,False,False,False,False,False,0.8115889157626115,0.0010341942465052012,0.10980476792286714,0.002811531400353949,0.007645065038397657,0.056615347160137615,0.0076893444154821945,0.00281083405364485
13.8671875,Amusement,True,False,False,False,False,False,False,False,0.6565307403608214,0.0008369872470920488,0.08883869663255091,0.006182488074424651,0.0022744893775607255,0.002274226451922768,0.24078825327366526,0.002274118581962403
13.90625,Amusement,True,False,False,False,False,False,False,False,0.6560404663592492,0.0008360290006303512,0.2413835551038791,0.0022714363841233095,0.00618603078181223,0.0022760486067165365,0.08873468688486143,0.0022717468787279353
13.9453125,Amusement,True,False,False,False,False,False,False,False,0.6836346338498307,0.0008706939673657801,0.25149822594099075,0.0023664967412799225,0.04788011952071905,0.006441319694849484,0.006437739882698321,0.0008707704022658711
13.984375,Disgust,False,False,True,False,False,False,False,False,0.248099936321774,0.0008588277693514998,0.6744142443671033,0.000858614983520598,0.03355375444972943,0.03353409714939284,0.006346560426601927,0.002333964532526335
14.0234375,Amusement,True,False,False,False,False,False,False,False,0.6851390693270644,0.00032093659237817355,0.252045850274231,0.0023712858559522317,0.03376388162462,0.017538635658856307,0.006449111928501798,0.002371228738396091
14.0625,Amusement,True,False,False,False,False,False,False,False,0.6924064640360281,0.0023966981842175068,0.254714532906619,0.002396797039375855,0.03416406392108449,0.006521351528281779,0.0008818515566659556,0.006518240827727254
14.1015625,Amusement,True,False,False,False,False,False,False,False,0.6833245597470616,0.002366805058085532,0.2513951648978001,0.017660683930038775,0.004553809508889684,0.03394253308494393,0.00032023786274093936,0.006436205910439494
14.140625,Amusement,True,False,False,False,False,False,False,False,0.6507715054145825,0.0008291153740253733,0.23938457815667386,0.0022534440846333505,0.011736534710812338,0.08806220552365256,0.0008289727204433898,0.0061336440151765845
14.1796875,Amusement,True,False,False,False,False,False,False,False,0.673842122911368,0.0003156380172935001,0.24787596941038378,0.0023321331332794,0.03344993568282987,0.03350886020572862,0.0023324698315666382,0.006342870807550299
14.21875,Amusement,True,False,False,False,False,False,False,False,0.31501532210342004,0.0010909057931857188,0.31498538666589126,0.008058779716347855,0.31487433389443176,0.04260730191893558,0.000401159327031676,0.002966810580756123
14.2578125,Amusement,True,False,False,False,False,False,False,False,0.7485418193804999,0.000953495279078619,0.10127764058455432,0.0025912853331927417,0.03725163690308323,0.10128336512047176,0.0009533248898533323,0.007147432509266067
14.296875,Amusement,True,False,False,False,False,False,False,False,0.7719124618330511,0.00726723394925861,0.038428516849478726,0.00036167599201215807,0.10442572962369742,0.03841690126695841,0.0009833159473263985,0.03820416453821716
14.3359375,Amusement,True,False,False,False,False,False,False,False,0.49114046292288577,0.012574417550981383,0.06642421383622596,0.0006256415558164205,0.18067737117464436,0.1806708402694625,0.0017012871550050965,0.06618576553497851
14.375,Tenderness,False,False,False,False,False,False,False,True,0.03319880116438601,0.030253403648890072,0.006365279780558876,0.0003145407671508621,0.24653050321489287,0.01225180172980436,0.000855347192474796,0.6702303225018422
14.4140625,Inspiration,False,False,False,False,True,False,False,False,0.004822669271866543,0.004821647905848461,0.06862779127416878,0.0006514373303480636,0.510176604318835,0.18737489093270177,0.03594856152163831,0.1875763974445931
14.453125,Tenderness,False,False,False,False,False,False,False,True,0.0009638898470285945,0.0009744441656675895,0.1018345362773004,0.019564339735824648,0.10206233118627146,0.019457182315534744,0.0009633874761246678,0.7541798889962479
14.4921875,Anger,False,True,False,False,False,False,False,False,0.00709212898918533,0.7493597222774121,0.0009579438296168213,0.0009580302445307992,0.10126612851627009,0.03678229245583458,0.0026087546189573403,0.10097499906819293
14.53125,Inspiration,False,False,False,False,True,False,False,False,0.006414095655940634,0.01233899796160539,0.033357196519617084,0.0003184970187877824,0.6793467319102489,0.2498950375105007,0.0008658043604270448,0.0174636390628725
14.5703125,Disgust,False,False,True,False,False,False,False,False,0.05315152416587692,0.003710344583976132,0.3928456056470226,0.0013611095557582236,0.14457124697013043,0.3929361271643355,0.010062698105827113,0.0013613438070729969
14.609375,Disgust,False,False,True,False,False,False,False,False,0.17150726350259773,0.004405609723914642,0.4660181270039754,0.0016141134014315724,0.17150310445225966,0.1714012241824929,0.011936462094102493,0.0016140956392256423
14.6484375,Inspiration,False,False,False,False,True,False,False,False,0.19161084127672942,0.004910666356653965,0.1916929185613594,0.004908188153418102,0.5212155582611998,0.07051935252947596,0.013337523437415089,0.0018049514237482233
14.6875,Sadness,False,False,False,False,False,False,True,False,0.039297429658279634,0.03928504552444696,0.10675711300325078,0.00745185913356708,0.014448331398768458,0.0027414437533240864,0.7896483986729873,0.00037037885537569495
14.7265625,Amusement,True,False,False,False,False,False,False,False,0.3928825513439804,0.010092962677545149,0.14435681017619045,0.0013624856061336182,0.053017403932322696,0.39321712838807693,0.0037079518689416982,0.0013627060068089226
14.765625,Disgust,False,False,True,False,False,False,False,False,0.16814367794027557,0.16742322180915042,0.45689880688016915,0.0005831007932521253,0.03285055768795175,0.16820521912377748,0.0015856945074610893,0.0043097212579624195
14.8046875,Amusement,True,False,False,False,False,False,False,False,0.8012790760829305,0.0028084957035996623,0.00758278634279793,0.0003756281124979192,0.056231816240910455,0.10835667110105776,0.02058973416767013,0.002775792248535685
14.84375,Amusement,True,False,False,False,False,False,False,False,0.6510307831799025,0.046832011393577955,0.00615273906700782,0.016724806231938075,0.0168196120906564,0.23958929820318103,0.016715247773401904,0.006135502060334397
14.8828125,Joy,False,False,False,False,False,True,False,False,0.07763271774521198,0.0054864012772298625,0.210939964090933,0.040143137795852525,0.014770190096786002,0.573755663636082,0.07654011826384148,0.0007318070940630684
14.921875,Amusement,True,False,False,False,False,False,False,False,0.6685012811746518,0.03317228447888581,0.012097160524165403,0.006601167741078126,0.2453878445993899,0.03307323936673745,0.0008535243460537571,0.00031349776903766177
14.9609375,Joy,False,False,False,False,False,True,False,False,0.11033428989885566,0.001041670120976913,0.020986472504059904,0.02094779359446121,0.007694302126473976,0.8159971181395476,0.022615642645238382,0.0003827109703863953
